"DATA_YEAR","CRIMINAL_ACT_ID","OFFENSE_ID"
2019,8,146744795
2019,6,146755949
2019,9,146755959
2019,9,146744850
2019,8,146744868
2019,10,146744886
2019,9,146744896
2019,6,146755984
2019,9,146755986
2019,6,146744905
2019,9,146744928
2019,1,146755993
2019,3,146756000
2019,6,146756025
2019,6,146756024
2019,6,146756034
2019,6,146756035
2019,6,146745003
2019,2,146756057
2019,8,146756057
2019,6,146756057
2019,9,146756060
2019,5,146745023
2019,9,146745024
2019,6,146745044
2019,9,146756084
2019,6,146756091
2019,6,146756093
2019,6,146756096
2019,6,146756111
2019,9,146756127
2019,6,146756139
2019,6,146756138
2019,9,146756151
2019,6,146756160
2019,6,146756173
2019,6,146756174
2019,6,146756178
2019,8,146756179
2019,6,146745145
2019,6,146756188
2019,9,146756195
2019,7,146756197
2019,6,146756197
2019,6,146756207
2019,6,146756209
2019,9,146756228
2019,6,146756231
2019,9,146756272
2019,9,146756274
2019,6,146756281
2019,6,146756280
2019,9,146756284
2019,9,146756287
2019,8,146756298
2019,3,146756298
2019,9,146756302
2019,9,146756306
2019,6,146756307
2019,6,146756311
2019,8,146756315
2019,9,146756317
2019,6,146756338
2019,6,146756347
2019,6,146756350
2019,9,146756355
2019,9,146756357
2019,9,146756374
2019,9,146756386
2019,9,146756388
2019,6,146756389
2019,6,146756398
2019,6,146756399
2019,6,146756405
2019,6,146756404
2019,9,146756406
2019,6,146756408
2019,9,146756418
2019,6,146756427
2019,3,146756428
2019,6,146756430
2019,6,146756431
2019,6,146756434
2019,6,146756435
2019,9,146756445
2019,6,146756447
2019,6,146756454
2019,6,146756455
2019,8,146745476
2019,9,148256193
2019,9,148246347
2019,6,148246378
2019,6,148246383
2019,6,148246382
2019,6,148246348
2019,6,148246371
2019,9,148246317
2019,9,148246405
2019,9,148246499
2019,9,148251239
2019,9,148246533
2019,1,148246373
2019,6,148256205
2019,6,148251190
2019,9,148246400
2019,6,148256211
2019,6,148256199
2019,9,148246416
2019,9,148256202
2019,3,148246428
2019,9,148246366
2019,9,148246365
2019,10,148251191
2019,9,148246359
2019,1,148256204
2019,6,148246368
2019,6,148251193
2019,8,148251194
2019,9,148246377
2019,6,148246362
2019,6,148246363
2019,9,148246376
2019,9,148251210
2019,6,148246425
2019,9,148251212
2019,9,148246460
2019,9,148246477
2019,6,148256182
2019,6,148246320
2019,2,148246397
2019,9,148246439
2019,9,148251216
2019,9,148246493
2019,9,148246503
2019,3,148251182
2019,9,148246432
2019,9,148246441
2019,9,148251217
2019,9,148246486
2019,9,138500278
2019,9,138500443
2019,6,138500340
2019,9,138500368
2019,6,138500401
2019,6,138500400
2019,6,138500405
2019,6,138500404
2019,6,138500410
2019,6,138485568
2019,9,144125035
2019,9,144125034
2019,6,138500353
2019,9,138485501
2019,9,138494684
2019,6,138485525
2019,1,138485563
2019,6,138485563
2019,6,138485579
2019,9,138494737
2019,3,138485585
2019,6,138494744
2019,2,138485609
2019,9,138485628
2019,6,138485635
2019,6,138485636
2019,6,138485683
2019,6,138485694
2019,9,138485737
2019,6,138501960
2019,6,138501961
2019,6,138501962
2019,9,138501963
2019,3,138501967
2019,6,138501967
2019,9,138501976
2019,6,138501993
2019,6,138501998
2019,6,138501999
2019,6,138502000
2019,6,138502008
2019,6,138502017
2019,9,138502049
2019,9,138502062
2019,9,138502071
2019,6,138502074
2019,9,138502083
2019,6,138502084
2019,6,138502089
2019,8,138502091
2019,6,138502093
2019,6,138502094
2019,8,138502096
2019,9,138502098
2019,6,138502108
2019,6,138502107
2019,9,138502126
2019,6,138502127
2019,9,138502129
2019,6,138502133
2019,6,138502136
2019,6,138502138
2019,6,138502139
2019,6,138502147
2019,9,138502169
2019,8,138502180
2019,8,138502181
2019,6,138502186
2019,8,138502210
2019,9,138502214
2019,9,138502215
2019,2,138502217
2019,6,138502221
2019,9,138502229
2019,6,138502232
2019,6,138502241
2019,6,138502242
2019,6,138502243
2019,9,138502269
2019,6,138502283
2019,6,138502294
2019,6,138502295
2019,6,138502296
2019,9,138502297
2019,6,138502304
2019,9,138502306
2019,6,138502308
2019,9,138502315
2019,6,138502324
2019,6,138502361
2019,6,138502368
2019,6,138502369
2019,9,138502373
2019,9,138502376
2019,9,138502378
2019,6,138502393
2019,9,138502394
2019,9,138502396
2019,9,138502413
2019,9,138502425
2019,6,138502430
2019,6,138502446
2019,6,138502461
2019,6,138502460
2019,6,138502465
2019,6,138502466
2019,9,138502482
2019,6,138502492
2019,6,138502494
2019,6,138502504
2019,1,138502509
2019,2,138502516
2019,6,138502517
2019,9,138502533
2019,6,138502543
2019,6,138502563
2019,9,138502571
2019,9,138502602
2019,9,138502607
2019,9,138502610
2019,6,138502617
2019,9,138502630
2019,9,138502660
2019,6,138502665
2019,7,138502667
2019,1,138502674
2019,6,138502677
2019,9,138502707
2019,9,138502713
2019,9,138502714
2019,8,138502733
2019,9,138502745
2019,6,138502749
2019,6,138502748
2019,9,138502752
2019,6,138502768
2019,6,138502784
2019,6,138502786
2019,6,138502814
2019,9,138502848
2019,8,138502854
2019,6,138502856
2019,6,138502862
2019,6,138502863
2019,9,138502875
2019,6,138502876
2019,6,138502881
2019,6,138502882
2019,9,138502884
2019,6,138502889
2019,6,138502899
2019,6,138502903
2019,6,138502907
2019,6,138502909
2019,2,138502913
2019,9,138502914
2019,6,138502935
2019,6,138502934
2019,6,138502944
2019,6,138502953
2019,9,138502958
2019,9,138502959
2019,9,138502975
2019,9,138502989
2019,6,138502995
2019,9,138502997
2019,9,138503003
2019,6,138503005
2019,9,138503008
2019,6,138503014
2019,9,138503036
2019,9,138503045
2019,9,138503051
2019,7,138503067
2019,5,138503067
2019,6,138503067
2019,9,138503073
2019,2,138503082
2019,1,138503082
2019,5,138503093
2019,8,138503102
2019,9,138503106
2019,9,138503115
2019,6,138503118
2019,9,138503119
2019,6,138503131
2019,9,138503135
2019,9,138503147
2019,6,138503200
2019,6,138503228
2019,9,138500498
2019,9,140568527
2019,6,140571192
2019,6,140571190
2019,6,140571191
2019,9,140568608
2019,8,140568609
2019,9,140568611
2019,6,140568472
2019,9,140571206
2019,9,140568655
2019,6,140568745
2019,8,140568750
2019,6,140568780
2019,6,140571350
2019,9,140568804
2019,6,140568864
2019,6,140571387
2019,3,140568932
2019,3,140571403
2019,1,140571403
2019,9,140568996
2019,8,140569021
2019,9,140569025
2019,9,140569040
2019,6,140569059
2019,8,140569071
2019,1,140571177
2019,2,140568670
2019,6,140568683
2019,6,140568717
2019,6,140568718
2019,9,140568724
2019,2,140568740
2019,6,140568747
2019,8,140568802
2019,7,140568829
2019,5,140568829
2019,6,140568829
2019,9,140568515
2019,9,140565549
2019,9,140565547
2019,8,140568596
2019,6,140568596
2019,6,140568597
2019,9,143125922
2019,6,138494644
2019,6,138485513
2019,6,138500386
2019,6,138500394
2019,6,138485553
2019,6,138485557
2019,9,138485566
2019,3,138485576
2019,6,138485576
2019,3,138485581
2019,6,138485582
2019,6,138485584
2019,6,138485586
2019,2,138485588
2019,6,138485632
2019,9,138485649
2019,9,138485652
2019,6,138485684
2019,2,138485689
2019,6,138485704
2019,2,138485726
2019,9,138485728
2019,6,138485734
2019,9,138485751
2019,9,138485752
2019,6,138485758
2019,3,138485765
2019,2,138485775
2019,9,138485776
2019,9,138485785
2019,6,138485812
2019,9,138485829
2019,6,138485832
2019,6,138485834
2019,9,138485835
2019,6,138485839
2019,9,138485848
2019,6,138485853
2019,3,138485856
2019,6,138485863
2019,6,138485872
2019,6,138485889
2019,6,138485895
2019,9,138485898
2019,9,138485896
2019,6,138485900
2019,6,138485901
2019,9,138485903
2019,9,138485904
2019,9,138485910
2019,6,138485921
2019,6,138485930
2019,6,138485929
2019,9,138485936
2019,9,138485938
2019,9,138485957
2019,9,138485964
2019,8,138485976
2019,8,138485983
2019,6,138485985
2019,9,138485992
2019,6,138486002
2019,9,138486008
2019,6,138486028
2019,6,138486029
2019,6,138486031
2019,9,138486037
2019,9,138486046
2019,9,138486047
2019,9,138486048
2019,9,138486051
2019,1,138486052
2019,6,138486058
2019,6,138486059
2019,8,138486066
2019,6,138486066
2019,6,138486067
2019,6,138486069
2019,6,138486072
2019,6,138486076
2019,9,138486086
2019,6,138486089
2019,8,138486090
2019,6,138486090
2019,6,138486096
2019,6,138486097
2019,6,138486106
2019,6,138486114
2019,6,138486124
2019,9,138486132
2019,6,138486134
2019,6,138501143
2019,6,138501146
2019,9,138501149
2019,9,138501158
2019,9,138501167
2019,9,138501174
2019,9,138501175
2019,3,138501178
2019,6,138501178
2019,6,138501186
2019,10,138501189
2019,9,138501195
2019,9,138501206
2019,9,138501248
2019,9,138501256
2019,6,138501262
2019,9,138501270
2019,9,138501271
2019,6,138501282
2019,9,138501291
2019,6,138501294
2019,9,138501297
2019,6,138501298
2019,6,138501302
2019,3,138501324
2019,6,138501324
2019,9,138501325
2019,9,138501328
2019,6,138501359
2019,6,138501367
2019,6,138501368
2019,6,138501375
2019,6,138501377
2019,9,138501379
2019,9,138501403
2019,9,138501412
2019,6,138501419
2019,9,138501423
2019,9,138501424
2019,9,138501427
2019,6,138501435
2019,8,138501439
2019,9,138501442
2019,9,138501456
2019,6,138501457
2019,6,138501463
2019,6,138501471
2019,6,138501470
2019,6,138501476
2019,9,138501494
2019,9,138501498
2019,6,138501529
2019,6,138501530
2019,8,138501535
2019,6,138501541
2019,6,138501543
2019,6,138501546
2019,6,138501547
2019,6,138501553
2019,9,138501555
2019,9,138501568
2019,6,138501573
2019,6,138501585
2019,9,138501599
2019,3,138501619
2019,9,138501625
2019,3,138501626
2019,8,138501633
2019,6,138501643
2019,6,138501655
2019,8,138501679
2019,6,138501681
2019,9,138501685
2019,9,138501701
2019,9,138501704
2019,6,138501709
2019,6,138501710
2019,6,138501714
2019,9,138501726
2019,6,138501732
2019,9,138501737
2019,6,138501746
2019,6,138501745
2019,1,138501750
2019,8,138501756
2019,6,138501763
2019,6,138501764
2019,6,138501790
2019,6,138501794
2019,6,138501793
2019,8,138501850
2019,9,138501861
2019,6,138500336
2019,6,138485448
2019,9,138500322
2019,9,138485465
2019,1,138503282
2019,3,138494853
2019,9,138503292
2019,6,138503303
2019,9,138503314
2019,6,138503315
2019,9,138503326
2019,9,138503334
2019,6,138503336
2019,7,138503337
2019,5,138503337
2019,6,138503337
2019,6,138503345
2019,9,138503344
2019,6,138503349
2019,8,142129423
2019,9,142129421
2019,9,142129523
2019,6,142129524
2019,6,142129557
2019,6,142129586
2019,9,142129603
2019,3,142129614
2019,1,142129613
2019,6,142129616
2019,6,142129672
2019,6,142129671
2019,6,142129670
2019,9,142129696
2019,6,142129703
2019,3,142129705
2019,1,142129715
2019,9,142129718
2019,9,142129764
2019,6,142129775
2019,6,142129795
2019,6,142129796
2019,6,142129798
2019,6,142129799
2019,3,142129807
2019,3,142129809
2019,6,142129831
2019,6,142129830
2019,6,142129835
2019,9,142129843
2019,3,142129846
2019,6,142129847
2019,9,142129861
2019,6,142129862
2019,9,142129865
2019,9,142129870
2019,6,142129893
2019,6,142129906
2019,6,142129928
2019,9,142129936
2019,6,142129967
2019,1,142129966
2019,6,142129974
2019,9,142129976
2019,9,142130000
2019,1,142130004
2019,9,142130011
2019,9,142130043
2019,9,142130049
2019,6,142130069
2019,9,142130071
2019,7,142130088
2019,6,142130109
2019,3,142130113
2019,6,142130137
2019,9,142130138
2019,3,142130146
2019,9,142130149
2019,9,142130151
2019,6,142130154
2019,9,142130155
2019,6,142130163
2019,6,142130162
2019,9,142130169
2019,6,142130170
2019,9,142130171
2019,6,142130173
2019,9,142130188
2019,6,142130190
2019,8,142130198
2019,6,142130203
2019,6,142130204
2019,6,142130208
2019,6,142130218
2019,6,142130237
2019,9,142130250
2019,6,142130269
2019,1,142130274
2019,8,142130283
2019,2,142130286
2019,1,142130288
2019,9,142130290
2019,6,142130299
2019,9,142130308
2019,9,142130306
2019,8,142130319
2019,3,142130340
2019,6,142130348
2019,9,142130352
2019,6,142130357
2019,9,142130360
2019,9,142130361
2019,6,142130362
2019,9,142130375
2019,6,142130377
2019,6,142130385
2019,6,142130395
2019,6,142130397
2019,6,142130401
2019,9,142130403
2019,7,142130420
2019,6,142130420
2019,7,142130419
2019,8,142130419
2019,6,142130419
2019,6,142130421
2019,6,142130435
2019,6,142130442
2019,6,142130446
2019,6,142130448
2019,9,142130449
2019,6,142130454
2019,8,142130476
2019,9,142130479
2019,9,142130493
2019,6,142130502
2019,6,142130512
2019,8,142130514
2019,9,142130518
2019,9,142130530
2019,6,142130533
2019,6,142130536
2019,6,142130550
2019,6,142130556
2019,9,142130566
2019,6,142130569
2019,9,142130574
2019,3,142130580
2019,6,142130591
2019,9,142130594
2019,2,142130597
2019,6,142130597
2019,6,142130619
2019,3,142130624
2019,2,142130639
2019,6,142130650
2019,6,142130665
2019,6,142130666
2019,9,142130681
2019,6,142130682
2019,9,142130686
2019,3,142130693
2019,9,142130695
2019,6,142130698
2019,6,142130701
2019,6,142130712
2019,2,142130715
2019,9,142130725
2019,6,142130728
2019,6,142130727
2019,6,142130729
2019,9,142130738
2019,6,142130741
2019,6,142130749
2019,6,142130751
2019,9,142130757
2019,6,142130759
2019,9,142130766
2019,9,142130771
2019,1,142130773
2019,9,142130793
2019,9,142130801
2019,6,142130802
2019,9,142130808
2019,3,142130824
2019,6,142130824
2019,6,142130825
2019,5,142130830
2019,9,142130834
2019,6,142130836
2019,8,142130840
2019,8,142130842
2019,6,142130892
2019,9,142130893
2019,6,142130900
2019,6,142130908
2019,6,142130915
2019,9,142130919
2019,9,142130930
2019,3,142130933
2019,3,142130940
2019,3,142130941
2019,9,142130943
2019,9,142130955
2019,6,142130965
2019,9,142130970
2019,6,142130971
2019,6,142130973
2019,9,142130986
2019,6,142130988
2019,9,142130990
2019,6,142130994
2019,9,142131000
2019,9,142131004
2019,6,142131045
2019,8,142131046
2019,9,142131053
2019,6,142131057
2019,9,142131082
2019,9,142131084
2019,9,142131087
2019,6,142131105
2019,9,142131128
2019,9,142131127
2019,1,142131141
2019,1,142131142
2019,7,142129472
2019,8,142129475
2019,6,142129430
2019,9,142129453
2019,6,142129487
2019,6,142129488
2019,8,142129506
2019,6,142129605
2019,3,142129618
2019,6,142129669
2019,6,142129699
2019,6,142129710
2019,6,142129706
2019,6,142129731
2019,6,142129730
2019,9,142129757
2019,9,142129762
2019,6,142129773
2019,6,142129772
2019,9,142129781
2019,7,142129793
2019,6,142129797
2019,8,142129815
2019,6,142129815
2019,9,142129841
2019,3,142129872
2019,9,142129892
2019,6,142129914
2019,6,142129929
2019,6,142129934
2019,3,142129953
2019,6,142129970
2019,6,142129981
2019,9,142129988
2019,9,142129986
2019,9,142129991
2019,6,142129993
2019,6,142130012
2019,9,142130035
2019,6,142130046
2019,1,142131034
2019,6,142131041
2019,6,142131043
2019,9,142131048
2019,6,142136187
2019,2,142136188
2019,6,142136192
2019,2,142136199
2019,3,142129345
2019,3,142129344
2019,9,142129499
2019,6,142129518
2019,6,142129525
2019,6,142129526
2019,6,142129602
2019,6,142129624
2019,6,142129638
2019,9,142129644
2019,9,142129647
2019,6,142129654
2019,6,142129675
2019,9,142129685
2019,6,142129724
2019,6,142129735
2019,9,142129748
2019,6,142129785
2019,6,142129824
2019,6,142129901
2019,9,142129393
2019,9,142129415
2019,6,142129418
2019,6,142129552
2019,6,142129568
2019,6,142129567
2019,9,142129595
2019,6,142129615
2019,6,142129633
2019,9,142129656
2019,6,142129681
2019,6,142129694
2019,6,142129709
2019,6,142129776
2019,6,142129774
2019,6,142129816
2019,4,142129817
2019,9,142129425
2019,6,142129434
2019,6,142129451
2019,6,142129459
2019,6,142129550
2019,6,142129559
2019,6,142129599
2019,6,142129598
2019,6,142129597
2019,6,142129617
2019,6,142129650
2019,6,142129419
2019,9,142129417
2019,8,142129435
2019,6,142129455
2019,6,142129456
2019,6,142129454
2019,6,142129520
2019,6,142129522
2019,6,142129549
2019,6,140572037
2019,9,140572040
2019,9,140572045
2019,6,140572055
2019,6,140572056
2019,9,140572073
2019,6,140572086
2019,9,140572098
2019,9,140572107
2019,9,140572178
2019,9,140572183
2019,9,140572186
2019,6,140572188
2019,6,140572189
2019,2,140572199
2019,9,140572203
2019,9,140572222
2019,6,140572231
2019,6,140572239
2019,9,140572243
2019,9,140572264
2019,9,140572278
2019,9,140572282
2019,9,140572296
2019,1,140572305
2019,9,140572310
2019,6,140572311
2019,6,140572312
2019,8,140572317
2019,6,140572318
2019,9,140572329
2019,6,140572332
2019,9,140572341
2019,9,140572343
2019,2,140572349
2019,9,140572354
2019,6,140572368
2019,8,140572369
2019,4,140572372
2019,9,140572373
2019,9,140572376
2019,9,140572384
2019,9,140572398
2019,9,140572432
2019,6,140572465
2019,9,140572472
2019,9,140572487
2019,9,140572488
2019,6,140572489
2019,6,140572522
2019,9,140572525
2019,6,140572537
2019,6,140572541
2019,5,140572547
2019,6,140572547
2019,2,140572568
2019,6,140572590
2019,9,140572595
2019,6,140572619
2019,9,140572627
2019,6,140572651
2019,6,140572652
2019,6,140572661
2019,6,140572670
2019,6,140572669
2019,6,140572671
2019,6,140572673
2019,9,140572693
2019,6,140572745
2019,6,140572758
2019,9,140572759
2019,2,140572814
2019,9,140572815
2019,9,140572823
2019,6,140572831
2019,6,140572832
2019,6,140572849
2019,9,140572855
2019,6,140572880
2019,6,140572883
2019,6,140572888
2019,9,140572891
2019,9,140572903
2019,9,140572904
2019,6,140572907
2019,6,140572947
2019,9,140572957
2019,9,140572967
2019,8,140572985
2019,1,140573015
2019,6,136125059
2019,6,136131539
2019,9,136125069
2019,6,145126214
2019,6,145117278
2019,6,145122303
2019,6,146747373
2019,9,146744768
2019,9,146747425
2019,1,146747343
2019,9,146747353
2019,9,146747354
2019,6,146744694
2019,9,146744707
2019,1,146744713
2019,3,146747378
2019,6,146747378
2019,6,146747388
2019,6,146747406
2019,3,146747415
2019,3,146747423
2019,6,146744669
2019,6,146744670
2019,9,146744714
2019,9,146744749
2019,3,146744738
2019,9,146744742
2019,6,146744745
2019,6,131748436
2019,6,131757009
2019,6,131757010
2019,8,131748661
2019,9,131748712
2019,6,131757199
2019,9,131757202
2019,9,131757247
2019,3,143125923
2019,1,143125923
2019,6,143125923
2019,9,143135545
2019,6,143135557
2019,8,143125943
2019,6,143125948
2019,6,143125962
2019,9,143125973
2019,6,143125979
2019,9,143135678
2019,6,143125992
2019,8,143125995
2019,6,143125995
2019,6,143126010
2019,6,143126017
2019,1,143126020
2019,9,131748357
2019,6,131748403
2019,6,131748409
2019,9,131748471
2019,6,131748475
2019,9,131748482
2019,6,131752386
2019,9,131757071
2019,6,131748577
2019,9,131748602
2019,6,131748603
2019,9,131748675
2019,6,131748691
2019,9,131748772
2019,2,131748792
2019,9,138494795
2019,6,138494800
2019,9,138494781
2019,9,138494602
2019,4,138494722
2019,3,138494858
2019,6,138494794
2019,6,138494801
2019,9,138485397
2019,9,138503255
2019,6,138485493
2019,1,138500320
2019,1,138500319
2019,6,138500318
2019,3,138485550
2019,8,138485564
2019,9,138500413
2019,9,138500414
2019,6,138494739
2019,6,138494746
2019,6,138494745
2019,6,138494785
2019,9,138494859
2019,6,138494861
2019,9,138494862
2019,6,138503302
2019,6,138494867
2019,6,138494868
2019,9,138494870
2019,5,138494876
2019,6,138494876
2019,9,138494885
2019,9,138503330
2019,7,138494892
2019,5,138494892
2019,6,138494892
2019,6,138494896
2019,9,138494905
2019,6,138494913
2019,6,138494916
2019,9,138494919
2019,9,138494922
2019,9,138494935
2019,6,138494952
2019,9,138494953
2019,6,138494962
2019,6,138494971
2019,9,138494978
2019,6,138494985
2019,9,138494989
2019,9,138495005
2019,10,138495006
2019,6,138495022
2019,9,138495026
2019,9,138495028
2019,6,138495031
2019,9,138495032
2019,6,138495040
2019,9,138495055
2019,6,138495057
2019,9,138495084
2019,9,138495095
2019,9,138495106
2019,9,138495119
2019,6,138495122
2019,6,138495135
2019,6,138495153
2019,8,138495155
2019,6,138495155
2019,6,138495161
2019,6,138495191
2019,9,138495193
2019,6,138495203
2019,6,138495204
2019,2,138495208
2019,6,138495209
2019,9,138495214
2019,6,138495215
2019,6,138495217
2019,6,138495216
2019,9,138495239
2019,6,138495244
2019,9,138495251
2019,6,138495288
2019,9,138495331
2019,6,138495343
2019,6,138495375
2019,9,138495382
2019,5,138495385
2019,9,138495388
2019,6,138495387
2019,6,138495393
2019,9,138495397
2019,6,138495401
2019,9,138495406
2019,9,138495411
2019,9,138495416
2019,8,138495419
2019,6,138495422
2019,3,138495444
2019,6,138495444
2019,9,138495447
2019,6,138495455
2019,9,138495459
2019,8,138495467
2019,9,138495478
2019,8,138495482
2019,6,138495498
2019,6,138495507
2019,3,138495506
2019,3,138495512
2019,6,138495513
2019,9,138495515
2019,9,138495525
2019,2,138495565
2019,9,138495575
2019,11,138495577
2019,6,138495578
2019,6,138495586
2019,9,138495593
2019,9,138495612
2019,9,138495626
2019,9,138495629
2019,9,138495630
2019,9,138495660
2019,9,138495672
2019,6,138495677
2019,6,138495696
2019,9,138495699
2019,9,138495732
2019,9,138495737
2019,9,138495741
2019,9,138495743
2019,9,138495747
2019,9,138495754
2019,9,138495762
2019,9,138495769
2019,2,138495796
2019,9,138495810
2019,6,138495859
2019,6,138495858
2019,8,138495860
2019,9,138495861
2019,9,138495869
2019,8,138495884
2019,2,138495885
2019,6,138495896
2019,6,138495897
2019,6,138495901
2019,9,138495904
2019,6,138495907
2019,8,138495914
2019,6,138495916
2019,6,138495930
2019,9,138495932
2019,9,138495939
2019,9,138495940
2019,6,138495942
2019,9,138495943
2019,6,138495949
2019,8,138495950
2019,6,138495952
2019,6,138495953
2019,6,138495977
2019,9,138495983
2019,6,138495989
2019,8,138495995
2019,9,138496003
2019,6,138496004
2019,6,138496015
2019,9,138496023
2019,6,138496025
2019,9,138496028
2019,6,138496029
2019,9,138496037
2019,6,138496040
2019,8,138496072
2019,8,138496087
2019,4,138496092
2019,3,138496104
2019,6,138496104
2019,1,138496115
2019,9,138496121
2019,9,142129296
2019,8,142129309
2019,6,142129312
2019,6,142129353
2019,6,142129369
2019,6,142129366
2019,5,142129391
2019,9,138500473
2019,6,138485505
2019,9,138500385
2019,6,138500411
2019,6,138500442
2019,6,138494658
2019,9,143136553
2019,9,143135845
2019,10,143136554
2019,6,143136555
2019,6,143136558
2019,6,143136560
2019,9,143136561
2019,9,143136565
2019,6,143136567
2019,9,143136579
2019,9,143136582
2019,8,143136583
2019,9,143136590
2019,9,143136592
2019,9,143136596
2019,9,143136616
2019,9,143136623
2019,9,143136626
2019,2,143136637
2019,10,143136649
2019,9,143136653
2019,9,143136655
2019,9,143136665
2019,8,143136679
2019,9,143136688
2019,2,143136691
2019,3,143136703
2019,1,143136703
2019,9,143136709
2019,6,143136722
2019,6,143136728
2019,9,143136762
2019,6,143136763
2019,9,143136764
2019,9,143136767
2019,6,143136772
2019,6,143136773
2019,9,143136778
2019,8,143136786
2019,2,143136792
2019,6,143136802
2019,6,143136805
2019,9,143136807
2019,6,143136826
2019,6,143136828
2019,9,143136831
2019,6,143136832
2019,9,143136845
2019,9,143136846
2019,6,143136852
2019,9,143136853
2019,9,143136863
2019,9,143136874
2019,9,143136875
2019,8,143136880
2019,9,143136882
2019,2,143136891
2019,6,143136906
2019,3,143136914
2019,6,143136918
2019,9,143136925
2019,9,143136933
2019,7,143136937
2019,6,143136965
2019,9,143136974
2019,6,143136977
2019,6,143136978
2019,6,143136997
2019,6,143137000
2019,6,143137006
2019,6,143137012
2019,9,143137030
2019,9,143137041
2019,6,143137057
2019,6,143137086
2019,6,143137090
2019,9,143137126
2019,9,143137133
2019,6,143137138
2019,9,143137149
2019,6,143137151
2019,6,143137153
2019,6,143137169
2019,9,143137168
2019,6,143137172
2019,5,143137195
2019,6,143137208
2019,6,143137207
2019,6,143137206
2019,9,143137211
2019,6,143137225
2019,6,143137228
2019,9,143137234
2019,6,143137235
2019,1,143137242
2019,9,143137246
2019,9,143137247
2019,9,143137254
2019,6,143137256
2019,9,143137265
2019,6,143137269
2019,6,143137279
2019,6,143137282
2019,9,143137287
2019,8,143137305
2019,6,143137305
2019,6,143137316
2019,9,143137338
2019,5,143137341
2019,9,143137343
2019,6,143137344
2019,1,143137350
2019,6,143137357
2019,6,143137358
2019,8,143137359
2019,9,143137361
2019,6,143137367
2019,6,143137389
2019,9,143137394
2019,6,143137396
2019,9,143137401
2019,9,143137418
2019,9,143137426
2019,9,143137436
2019,9,143137448
2019,9,143137449
2019,6,143137458
2019,6,143137465
2019,6,143137467
2019,6,143137482
2019,6,143137501
2019,8,143137525
2019,9,143137544
2019,9,143137545
2019,2,143137548
2019,6,143136513
2019,6,143125874
2019,9,143135528
2019,8,143136497
2019,6,143136515
2019,3,143136523
2019,9,143136529
2019,1,143136536
2019,6,143136517
2019,1,143136539
2019,6,145122326
2019,9,145117334
2019,6,145122354
2019,9,145122362
2019,6,145122370
2019,6,145117619
2019,9,145122391
2019,6,145122395
2019,6,145122396
2019,9,145122398
2019,6,145122399
2019,6,145122400
2019,6,145122402
2019,6,145122403
2019,9,145122418
2019,6,145122420
2019,9,145122454
2019,9,146747361
2019,6,146744712
2019,6,146744744
2019,1,146744789
2019,9,146744813
2019,6,146744908
2019,6,146744909
2019,6,146744986
2019,9,146744992
2019,9,146745009
2019,6,146745010
2019,9,146745015
2019,6,146745026
2019,9,146745030
2019,6,146745034
2019,9,146745035
2019,9,146745037
2019,9,146745048
2019,8,146745059
2019,6,146745062
2019,9,146745064
2019,6,146745076
2019,9,146745085
2019,6,146745088
2019,9,146745094
2019,9,146745095
2019,6,146745098
2019,9,146745102
2019,9,146745113
2019,3,146745115
2019,8,146745119
2019,9,146745120
2019,3,146745121
2019,6,146745128
2019,6,146745127
2019,9,146745129
2019,6,146745133
2019,6,146745135
2019,6,146745137
2019,9,146745148
2019,9,146745151
2019,9,146745152
2019,6,146745153
2019,6,146745154
2019,9,146745157
2019,6,146745162
2019,6,146745172
2019,6,146745173
2019,8,146745180
2019,9,146745183
2019,9,146745185
2019,6,146745191
2019,6,146745192
2019,9,146745194
2019,9,146745197
2019,6,146745201
2019,6,146745208
2019,3,146745214
2019,3,146745215
2019,3,146745218
2019,6,146745218
2019,5,146745222
2019,9,146745223
2019,6,146745225
2019,6,146745224
2019,6,146745234
2019,6,146745237
2019,6,146745239
2019,9,146745242
2019,6,146745243
2019,8,146745251
2019,6,146745257
2019,9,146745265
2019,6,146745277
2019,9,146745285
2019,6,146745286
2019,2,146745295
2019,9,146745296
2019,1,146745311
2019,6,146745313
2019,9,146745325
2019,6,146745328
2019,9,146745339
2019,9,146745343
2019,9,146745346
2019,9,146745349
2019,6,146745373
2019,9,146745378
2019,6,146745385
2019,9,146745391
2019,8,146745405
2019,6,146745408
2019,6,146745411
2019,6,146745410
2019,6,146745414
2019,6,146745415
2019,1,146745423
2019,9,146745425
2019,9,146745427
2019,6,146745440
2019,2,146745449
2019,8,146745488
2019,8,146745490
2019,8,146745492
2019,8,146745494
2019,8,146745496
2019,8,146745498
2019,8,146745500
2019,8,146745502
2019,8,146745510
2019,6,146745515
2019,1,146745520
2019,8,146745522
2019,9,146745523
2019,6,146744724
2019,3,146744740
2019,9,146747408
2019,9,146755943
2019,3,146744796
2019,6,146744797
2019,6,146744835
2019,9,146755957
2019,9,146744844
2019,6,146744847
2019,9,146744875
2019,6,146755977
2019,9,146744889
2019,6,146744893
2019,6,146744904
2019,9,146744922
2019,9,146744925
2019,6,146744926
2019,9,146744691
2019,1,146744753
2019,6,146744765
2019,6,146744788
2019,6,146744664
2019,8,146744690
2019,9,146747374
2019,3,145117310
2019,6,145122313
2019,2,145117385
2019,6,145117400
2019,6,145117436
2019,6,145117437
2019,6,145117440
2019,9,145117469
2019,9,145117524
2019,6,145117555
2019,6,145117556
2019,6,145117557
2019,6,145117350
2019,6,145117399
2019,3,145117351
2019,6,145117298
2019,6,145117475
2019,6,145117487
2019,3,145117503
2019,9,145117505
2019,9,145122319
2019,6,145122321
2019,6,145122320
2019,6,145117341
2019,9,145122344
2019,6,145117396
2019,6,145117413
2019,6,145117454
2019,6,145117459
2019,6,145117463
2019,6,145117462
2019,9,145117530
2019,6,145117533
2019,8,145117558
2019,6,145117600
2019,6,145117599
2019,6,145117629
2019,8,145117628
2019,6,145117648
2019,9,145122412
2019,1,145117669
2019,6,145117670
2019,6,145117673
2019,3,145117689
2019,9,145122459
2019,9,145117706
2019,6,145117705
2019,6,145117712
2019,9,145117716
2019,5,145117722
2019,9,145117723
2019,6,145117726
2019,6,145117727
2019,8,145117730
2019,9,145117737
2019,3,145117738
2019,9,145117743
2019,6,145117745
2019,6,145117749
2019,8,145117753
2019,6,145117757
2019,6,145117756
2019,9,145117758
2019,6,145117760
2019,9,145117766
2019,6,145117767
2019,9,145117787
2019,6,145117798
2019,6,145117800
2019,9,145117804
2019,6,145117805
2019,9,145117809
2019,9,145117813
2019,6,145117814
2019,9,145117817
2019,6,145117821
2019,9,145117824
2019,9,145117826
2019,9,145117829
2019,9,145117830
2019,9,145117833
2019,7,145117842
2019,6,145117842
2019,9,145117852
2019,9,145117860
2019,2,145117871
2019,6,145117879
2019,6,145117878
2019,6,145117885
2019,6,145117889
2019,9,145117897
2019,9,145117900
2019,9,145117899
2019,1,145117903
2019,2,145117904
2019,6,145117909
2019,6,145117916
2019,9,145117919
2019,9,145117918
2019,6,145117922
2019,6,145117921
2019,6,145117926
2019,2,145117930
2019,9,145117940
2019,6,145117942
2019,9,145117944
2019,6,145117954
2019,9,145117955
2019,2,145117960
2019,6,145117964
2019,6,145117969
2019,8,145117970
2019,6,145117980
2019,9,145117984
2019,9,145117987
2019,6,145117994
2019,9,145117999
2019,8,145118009
2019,6,145118011
2019,1,145118016
2019,9,145118024
2019,6,145118032
2019,6,145118042
2019,6,145118044
2019,6,145118047
2019,8,145118049
2019,6,145118049
2019,6,145118050
2019,6,145118057
2019,6,145118059
2019,6,145118060
2019,6,145118064
2019,9,145118070
2019,6,145118074
2019,6,145118073
2019,9,145118085
2019,6,145118091
2019,2,145118092
2019,3,145118105
2019,1,145118117
2019,6,145118128
2019,6,145118129
2019,9,145118135
2019,9,145118155
2019,9,145118163
2019,6,145118176
2019,9,145118194
2019,6,145118195
2019,9,145118197
2019,6,145118206
2019,9,145118216
2019,6,145118218
2019,9,145118221
2019,6,145118224
2019,6,145118228
2019,9,145118229
2019,8,145118249
2019,6,145118249
2019,9,145118250
2019,6,145118253
2019,6,145118254
2019,9,145118256
2019,6,145118258
2019,8,145118268
2019,6,145118277
2019,8,145118278
2019,6,145118298
2019,6,145118304
2019,6,145118307
2019,6,145118338
2019,9,145118339
2019,6,145118344
2019,6,145118346
2019,6,145118348
2019,6,145118347
2019,9,145118355
2019,6,145118360
2019,9,145118364
2019,6,145118365
2019,6,145118385
2019,9,145118397
2019,9,145118413
2019,6,145118417
2019,3,145118428
2019,6,145118428
2019,9,145118429
2019,9,145118435
2019,6,145118438
2019,6,145118437
2019,9,145118454
2019,8,145118457
2019,9,145118456
2019,6,145118474
2019,6,145118478
2019,9,145118483
2019,9,145118482
2019,6,145118487
2019,6,145118489
2019,9,145118499
2019,6,145118500
2019,9,145118515
2019,6,145118518
2019,6,145118533
2019,7,145118540
2019,1,145118583
2019,8,145118597
2019,8,145118601
2019,9,145118608
2019,6,145118614
2019,6,145118628
2019,6,145118630
2019,2,145118638
2019,6,145117368
2019,9,145117376
2019,6,145117283
2019,6,145117282
2019,6,145117397
2019,9,145117439
2019,6,145117442
2019,9,145117347
2019,6,145117362
2019,9,145117373
2019,6,145117383
2019,9,145117382
2019,6,145117407
2019,6,145117418
2019,9,145117429
2019,6,145117446
2019,9,145117465
2019,6,145117471
2019,9,145117481
2019,9,145117482
2019,6,145117490
2019,9,145117531
2019,6,145117543
2019,9,145117552
2019,1,145117553
2019,8,145117578
2019,9,145117596
2019,6,145117609
2019,6,145117612
2019,1,145117611
2019,9,145117630
2019,9,145126197
2019,6,145126196
2019,6,145126194
2019,6,145126209
2019,3,145126208
2019,6,145126220
2019,6,145126219
2019,9,136130193
2019,9,136130224
2019,6,136130262
2019,9,136130313
2019,6,136131707
2019,9,136131714
2019,6,136130335
2019,9,136125194
2019,9,136130417
2019,6,136130424
2019,9,136131839
2019,6,136131859
2019,8,136125378
2019,6,136125378
2019,6,136132007
2019,9,136130667
2019,6,136132044
2019,6,136132072
2019,6,136130703
2019,6,136125428
2019,9,136130740
2019,9,136125469
2019,6,136130754
2019,6,136125524
2019,6,136130801
2019,9,136125539
2019,6,136132206
2019,6,136132219
2019,6,136132220
2019,6,136132298
2019,9,136125627
2019,6,136130959
2019,8,136125161
2019,9,136131802
2019,6,136131854
2019,9,136125364
2019,6,136130750
2019,6,136130767
2019,6,136130947
2019,6,136125655
2019,6,136132342
2019,9,136130186
2019,6,136131569
2019,6,136125077
2019,6,136131614
2019,6,136125119
2019,9,136131688
2019,6,136131772
2019,3,136131782
2019,2,136130514
2019,9,144127724
2019,9,144120668
2019,6,144125082
2019,9,136125380
2019,6,136125404
2019,8,136125416
2019,6,136125468
2019,6,136125513
2019,6,136130826
2019,9,136130845
2019,6,136125580
2019,6,136125384
2019,9,136132024
2019,6,136130682
2019,3,136130688
2019,6,136132078
2019,6,136132126
2019,6,136125526
2019,6,136130822
2019,6,136132217
2019,6,136132221
2019,6,136132222
2019,9,136130639
2019,6,136130661
2019,6,136132071
2019,6,136130711
2019,9,136125447
2019,6,136130811
2019,6,136132212
2019,6,136132211
2019,8,136132345
2019,1,136132400
2019,9,131752507
2019,6,131752512
2019,6,136131973
2019,6,136131972
2019,8,136125388
2019,6,136125394
2019,9,136125420
2019,6,136130819
2019,9,136132252
2019,6,136132274
2019,6,136132271
2019,6,131748532
2019,2,131748549
2019,3,131748635
2019,6,131748658
2019,6,131748718
2019,6,131748717
2019,2,131748799
2019,6,136131770
2019,6,136130378
2019,6,136125205
2019,1,136130418
2019,6,136125106
2019,9,136131650
2019,9,136131851
2019,6,131748347
2019,8,131748428
2019,6,131748511
2019,6,131752436
2019,6,131748787
2019,6,136130746
2019,3,136132132
2019,9,136130762
2019,6,136130879
2019,9,136130322
2019,6,136125182
2019,6,136130442
2019,3,136125367
2019,3,136125368
2019,9,136130691
2019,9,136130734
2019,6,136130914
2019,1,136130971
2019,6,131752306
2019,9,131748448
2019,6,131752380
2019,9,131752462
2019,6,136125049
2019,3,136130145
2019,3,136125053
2019,6,136125053
2019,6,136131547
2019,6,136130229
2019,9,136125162
2019,9,136130304
2019,6,136130314
2019,6,136130315
2019,1,136130363
2019,1,136125262
2019,9,131752325
2019,9,131752329
2019,6,131748506
2019,6,131748570
2019,9,131752423
2019,6,131752531
2019,6,136132082
2019,9,136132096
2019,6,136132224
2019,9,136130153
2019,9,136131637
2019,9,136131649
2019,6,136131648
2019,6,136130295
2019,9,136130307
2019,6,136131711
2019,6,136131726
2019,6,136131737
2019,6,136131736
2019,5,136131738
2019,9,136125200
2019,9,136131809
2019,9,136130429
2019,6,136125234
2019,6,136130465
2019,9,136125379
2019,8,136125390
2019,6,136132018
2019,9,136132052
2019,9,136132058
2019,9,136132057
2019,8,136125412
2019,6,136125412
2019,9,136125439
2019,6,136130753
2019,8,136130774
2019,9,136125495
2019,6,136125515
2019,9,136130829
2019,6,136125589
2019,6,136130897
2019,9,136125619
2019,9,136132301
2019,6,136130911
2019,6,136130958
2019,9,136125661
2019,9,136130976
2019,9,136131552
2019,9,136130187
2019,6,136131680
2019,9,136125188
2019,9,136131834
2019,6,131756989
2019,9,131752460
2019,9,131752464
2019,6,131752473
2019,9,131752515
2019,6,136131990
2019,6,136131989
2019,9,136132032
2019,6,136132099
2019,9,136132181
2019,9,136132230
2019,6,136132336
2019,6,136130956
2019,6,136131556
2019,6,136131751
2019,6,136131752
2019,6,136130360
2019,6,136125210
2019,9,136130644
2019,9,136125433
2019,9,136130732
2019,6,136125450
2019,6,136132270
2019,9,136132296
2019,9,136132015
2019,6,136125400
2019,6,136132091
2019,6,136125517
2019,6,136132176
2019,6,136125574
2019,3,136131013
2019,6,145122331
2019,6,145122332
2019,6,131756931
2019,8,131748435
2019,3,131752299
2019,9,131752366
2019,6,131752404
2019,6,131748560
2019,6,131752499
2019,6,136130159
2019,9,136131537
2019,9,136125065
2019,9,136130441
2019,6,136130463
2019,6,131752440
2019,6,136130140
2019,6,136130139
2019,9,136130180
2019,6,136125076
2019,9,136131603
2019,6,136130230
2019,9,136130309
2019,6,136131725
2019,6,136131775
2019,9,136131829
2019,6,136131645
2019,6,136131835
2019,6,136131608
2019,6,136131674
2019,8,136125241
2019,6,136131846
2019,5,136132030
2019,9,136132276
2019,6,136131510
2019,8,136131578
2019,1,136131875
2019,6,136130713
2019,8,136132103
2019,6,136132365
2019,6,136125067
2019,6,136125085
2019,9,136125120
2019,6,136131661
2019,9,136125177
2019,8,131756914
2019,6,131756933
2019,6,131756968
2019,6,131756975
2019,9,131756996
2019,6,131757067
2019,6,131757105
2019,6,131757203
2019,6,131757215
2019,6,131757222
2019,3,131757221
2019,9,131757238
2019,2,131757283
2019,6,136125568
2019,9,136130761
2019,6,136130123
2019,6,136125084
2019,2,136130252
2019,1,136130254
2019,6,136130289
2019,4,136131686
2019,6,136132003
2019,6,136125409
2019,6,136132061
2019,9,136132085
2019,6,136132100
2019,9,136125487
2019,9,136130844
2019,9,136132267
2019,6,136132285
2019,6,131748375
2019,6,131748396
2019,6,131748400
2019,9,131748408
2019,6,131748410
2019,9,131748416
2019,6,131748517
2019,1,131748667
2019,9,131748726
2019,6,131748744
2019,9,131752528
2019,1,131757269
2019,6,131756970
2019,6,131756971
2019,6,131757008
2019,6,131748491
2019,3,131757060
2019,6,131757060
2019,6,131757126
2019,3,143135556
2019,8,143135583
2019,1,143135587
2019,6,143135602
2019,9,143135607
2019,9,143135618
2019,6,143135638
2019,3,143135637
2019,9,143135653
2019,3,143135533
2019,3,143125928
2019,3,143125927
2019,6,143135570
2019,8,143125956
2019,6,143125959
2019,6,143135609
2019,6,143135615
2019,9,143135654
2019,6,143135657
2019,6,143135683
2019,9,143135691
2019,6,143125985
2019,6,143125983
2019,6,143135697
2019,9,143135704
2019,6,143135705
2019,9,143135713
2019,6,143135716
2019,9,143135721
2019,9,143135722
2019,9,143135725
2019,8,143135730
2019,6,143135762
2019,6,143135764
2019,6,143135767
2019,6,143135772
2019,6,143135771
2019,9,143135774
2019,9,143135777
2019,6,143135787
2019,6,143135794
2019,6,143135803
2019,6,143135806
2019,9,143135807
2019,6,143135810
2019,6,143135815
2019,9,143135822
2019,6,143135824
2019,9,143135828
2019,9,143135829
2019,9,143135832
2019,6,143135834
2019,9,143135838
2019,6,143135844
2019,9,144125031
2019,9,144120667
2019,6,144125047
2019,9,131752310
2019,9,131756988
2019,6,131748349
2019,6,131748373
2019,9,131756948
2019,6,131757157
2019,8,131757169
2019,8,131757168
2019,6,131757229
2019,6,136132172
2019,9,136130806
2019,9,136130837
2019,9,136132258
2019,9,136125628
2019,3,131757033
2019,6,131757041
2019,1,131748525
2019,6,131757072
2019,9,131757093
2019,9,131757104
2019,6,131757109
2019,6,131757110
2019,8,131756912
2019,6,131752292
2019,6,131757114
2019,8,131752518
2019,3,131757256
2019,6,131757256
2019,1,136130162
2019,9,136131567
2019,6,136131666
2019,9,136125169
2019,9,136131720
2019,6,136125187
2019,6,131757112
2019,6,131757111
2019,6,131757156
2019,6,138485411
2019,4,138485443
2019,9,138485481
2019,9,138500355
2019,5,138500357
2019,3,138501929
2019,3,138501930
2019,9,138501941
2019,9,136125375
2019,9,136132064
2019,9,136130689
2019,9,136130707
2019,6,136125535
2019,6,136130838
2019,3,140571201
2019,9,140571226
2019,9,140571234
2019,9,140568662
2019,9,140571276
2019,9,140571281
2019,9,140571339
2019,6,140568771
2019,9,142129438
2019,6,142129507
2019,6,142129508
2019,6,142129517
2019,6,142129543
2019,6,142129555
2019,9,142129607
2019,9,142129627
2019,6,142129641
2019,9,142129668
2019,1,140561116
2019,9,140561142
2019,9,143125885
2019,9,143125945
2019,6,143136483
2019,6,140568535
2019,1,143125899
2019,9,140568502
2019,9,131752340
2019,6,131752342
2019,9,131752409
2019,6,131752479
2019,6,131748775
2019,6,131748804
2019,9,136125045
2019,6,136131565
2019,6,136131564
2019,6,136125122
2019,6,136131753
2019,6,136125247
2019,6,136131987
2019,6,136130637
2019,6,136125365
2019,6,136132070
2019,9,136130712
2019,9,136132098
2019,6,136130730
2019,7,136125474
2019,6,136132140
2019,6,136132263
2019,6,136125602
2019,6,136130900
2019,9,136132375
2019,6,136132151
2019,7,136125522
2019,6,136130860
2019,9,136130861
2019,8,136125593
2019,9,131748742
2019,6,131748404
2019,6,131752350
2019,9,131757098
2019,11,131748666
2019,6,136131653
2019,9,136130344
2019,9,136130345
2019,6,136125222
2019,6,136130409
2019,9,136130437
2019,2,136131850
2019,6,136131588
2019,6,136130226
2019,9,136131620
2019,6,136131633
2019,6,136125150
2019,2,136125172
2019,9,136125179
2019,6,136131760
2019,3,136131828
2019,6,136131844
2019,6,136125244
2019,1,136125265
2019,3,136130658
2019,9,136132033
2019,9,136125401
2019,6,136130683
2019,6,136130752
2019,6,136125492
2019,6,136132156
2019,6,136132248
2019,6,131752478
2019,6,146744725
2019,9,146744723
2019,6,146747385
2019,3,146744731
2019,6,146744732
2019,9,146744774
2019,6,146744778
2019,9,146744791
2019,9,140561162
2019,6,140568574
2019,6,146747367
2019,6,146744752
2019,9,146744799
2019,9,146744814
2019,9,146744829
2019,6,146755956
2019,6,146755955
2019,3,146744864
2019,3,146744865
2019,9,146744870
2019,6,146744878
2019,6,146744902
2019,6,146744899
2019,6,146744900
2019,3,146744901
2019,3,146755983
2019,6,146744913
2019,9,146744944
2019,6,146744947
2019,6,146744949
2019,6,146744957
2019,6,146744959
2019,6,146744961
2019,6,146744962
2019,1,146744980
2019,9,140568509
2019,9,140571180
2019,9,144120642
2019,9,144125033
2019,6,144127731
2019,6,144127730
2019,9,144127734
2019,6,144125060
2019,9,144125063
2019,3,144125072
2019,6,144125074
2019,3,144125070
2019,6,144125076
2019,6,144125077
2019,9,144125078
2019,6,144125081
2019,9,144125080
2019,6,144127747
2019,6,144127748
2019,6,144127749
2019,6,144125085
2019,6,144125090
2019,6,144125091
2019,9,144125106
2019,9,144125111
2019,9,144125113
2019,3,144125095
2019,6,144127751
2019,6,144125116
2019,9,144125123
2019,9,144125124
2019,9,144125138
2019,6,144125144
2019,9,144125154
2019,6,144125158
2019,9,144125160
2019,9,144125159
2019,9,144125168
2019,9,144125169
2019,6,144125173
2019,6,144125174
2019,9,144125178
2019,6,144125184
2019,9,144125194
2019,6,144125200
2019,1,144125202
2019,6,144125212
2019,9,144125219
2019,1,144125231
2019,5,144125235
2019,9,144125240
2019,6,144125241
2019,6,144125244
2019,9,144125246
2019,6,144125252
2019,9,144120715
2019,9,144125270
2019,9,144125286
2019,9,144125294
2019,9,144125301
2019,9,144125308
2019,9,144125315
2019,8,144125316
2019,9,144125321
2019,9,144125333
2019,6,144125334
2019,9,144125342
2019,9,144125347
2019,6,144125373
2019,6,144125376
2019,9,144125383
2019,9,144125387
2019,6,144125389
2019,6,144125390
2019,6,144125404
2019,6,144125414
2019,6,144125436
2019,6,144125437
2019,6,144125444
2019,6,144125449
2019,7,144125452
2019,9,144125465
2019,9,144125464
2019,9,144125468
2019,6,144125469
2019,9,144125477
2019,6,144125481
2019,6,144125487
2019,9,144125489
2019,1,144125502
2019,9,144125508
2019,9,144125507
2019,6,144125509
2019,6,144125511
2019,9,144125513
2019,6,144125522
2019,9,144125525
2019,9,144125557
2019,9,144125560
2019,9,144125565
2019,9,144125572
2019,9,144125575
2019,9,144125593
2019,6,144125596
2019,9,144125597
2019,8,144125599
2019,9,144125601
2019,6,144125604
2019,5,144125605
2019,6,144125609
2019,9,144125611
2019,9,144125620
2019,6,144125628
2019,9,144125634
2019,9,144125639
2019,6,144125642
2019,9,144125644
2019,6,144125661
2019,9,144125664
2019,6,144125671
2019,6,144125674
2019,6,144125673
2019,2,144125680
2019,2,144125683
2019,9,144125684
2019,6,144125693
2019,6,144125702
2019,9,144125703
2019,6,144125705
2019,6,144125706
2019,9,144125708
2019,9,144125709
2019,9,144125730
2019,6,144125741
2019,9,144125746
2019,9,144125749
2019,5,144125753
2019,9,144125755
2019,6,144125756
2019,7,144125783
2019,6,144125783
2019,6,144125791
2019,9,144125796
2019,6,144125798
2019,9,144125802
2019,5,144125803
2019,9,144125804
2019,9,144125814
2019,6,144125819
2019,6,144125829
2019,6,144125833
2019,6,144125850
2019,8,144125877
2019,1,144125878
2019,9,144125894
2019,6,144125899
2019,8,144125902
2019,6,144125926
2019,6,144125927
2019,6,144125936
2019,3,144125939
2019,6,144125947
2019,6,144125949
2019,9,144125950
2019,6,144125952
2019,6,144125960
2019,6,144125972
2019,6,144125978
2019,6,144125983
2019,6,144125994
2019,9,144125998
2019,9,144126001
2019,9,144126009
2019,6,144126014
2019,6,144126021
2019,6,144126026
2019,9,144126037
2019,9,144126039
2019,9,144126045
2019,6,144126068
2019,3,144126069
2019,6,144126071
2019,9,144126074
2019,6,144126076
2019,6,144126080
2019,6,144126081
2019,9,144126090
2019,2,144126100
2019,3,144126109
2019,9,144126110
2019,6,144126112
2019,6,144126114
2019,6,144126123
2019,6,144126125
2019,6,144126130
2019,2,144126136
2019,9,144126144
2019,9,144126147
2019,6,144126149
2019,9,144126160
2019,6,144126162
2019,6,144126166
2019,6,144126165
2019,9,144126168
2019,6,144131176
2019,9,144131188
2019,9,144131190
2019,6,144131215
2019,6,144131219
2019,6,144131218
2019,6,144131221
2019,9,144131224
2019,9,144131242
2019,6,144131249
2019,6,144131251
2019,5,144131252
2019,5,144131261
2019,6,144131274
2019,6,144131280
2019,6,144131279
2019,7,144131282
2019,6,144131284
2019,6,144131287
2019,6,144131290
2019,6,144131291
2019,6,144131302
2019,6,144131304
2019,6,144131308
2019,6,144131310
2019,6,144131311
2019,1,144131316
2019,6,144131317
2019,6,144131320
2019,9,144131323
2019,9,144131327
2019,6,144131330
2019,8,144131374
2019,8,144131384
2019,2,144131386
2019,1,143125918
2019,6,144127737
2019,6,144125066
2019,6,144120673
2019,6,144120675
2019,9,144125140
2019,3,144127759
2019,6,144127759
2019,9,144120685
2019,9,144120686
2019,6,144120722
2019,6,144120720
2019,9,144120726
2019,1,144120733
2019,9,144120734
2019,9,144120735
2019,9,131752321
2019,6,131748473
2019,6,131748489
2019,9,131748496
2019,9,131748495
2019,9,131748501
2019,6,131748503
2019,6,131748504
2019,6,131748568
2019,6,131748767
2019,9,131748369
2019,9,131756944
2019,9,131748392
2019,6,131752433
2019,6,131748640
2019,6,131748656
2019,5,131757242
2019,6,131752302
2019,6,131752303
2019,6,131748476
2019,9,131752425
2019,6,136125052
2019,6,136125105
2019,6,136125144
2019,2,136131699
2019,3,136125207
2019,9,136131526
2019,9,136125063
2019,6,136130178
2019,9,136125074
2019,9,136130184
2019,6,136125083
2019,1,136131594
2019,6,136130928
2019,1,136131518
2019,6,136131618
2019,8,136125123
2019,9,136131628
2019,9,136130245
2019,9,136131733
2019,9,136131811
2019,6,136130696
2019,8,136132327
2019,9,140561151
2019,9,140568543
2019,9,140568542
2019,2,140571218
2019,5,140571218
2019,6,140571218
2019,9,140571266
2019,9,140571289
2019,6,140571297
2019,9,140571305
2019,6,140568728
2019,6,140571314
2019,9,140571357
2019,6,140571360
2019,6,140571361
2019,7,140568834
2019,5,140568834
2019,6,140568834
2019,9,140571369
2019,4,140568859
2019,9,140571394
2019,9,140571407
2019,9,140569015
2019,9,140571429
2019,8,140571431
2019,9,140571436
2019,6,140571487
2019,9,140571494
2019,6,140571503
2019,8,140571529
2019,6,140571542
2019,6,140571596
2019,9,140571613
2019,9,140571616
2019,9,140571619
2019,9,140571635
2019,6,140571643
2019,6,140571644
2019,3,140571646
2019,6,140571648
2019,9,140571650
2019,9,140571651
2019,9,140571654
2019,9,140571667
2019,9,140571668
2019,9,140571683
2019,9,140571702
2019,6,140571703
2019,9,140571716
2019,1,140571733
2019,6,140571750
2019,9,140571755
2019,6,140571767
2019,6,140571766
2019,9,140571774
2019,6,140571782
2019,9,140571799
2019,6,140571816
2019,6,140571820
2019,6,140571819
2019,9,140571834
2019,9,140571835
2019,9,140571846
2019,6,140571899
2019,9,140571906
2019,9,140571914
2019,9,140571916
2019,9,140571923
2019,8,140571936
2019,6,140571938
2019,6,140571944
2019,6,140571949
2019,6,140571954
2019,9,140571963
2019,9,140571972
2019,9,140571974
2019,6,140571981
2019,6,140571982
2019,6,140571984
2019,6,140571983
2019,6,140571985
2019,6,140571988
2019,6,140571991
2019,9,140572004
2019,6,140572034
2019,6,140572039
2019,6,140572038
2019,6,136130182
2019,6,136130292
2019,6,136125176
2019,6,136125175
2019,9,136125372
2019,6,136132008
2019,6,136125510
2019,6,136125578
2019,6,136132114
2019,6,136131522
2019,6,136130146
2019,9,136130214
2019,2,136125170
