"DATA_YEAR","VICTIM_ID","INJURY_ID"
2019,122689259,5
2019,122685922,5
2019,122689335,4
2019,122686023,4
2019,122689470,4
2019,122692113,5
2019,122692112,4
2019,122685860,4
2019,122685856,4
2019,122692164,4
2019,122685896,4
2019,122689361,3
2019,122689362,4
2019,122692357,5
2019,122689422,5
2019,122686052,4
2019,122696143,4
2019,122692607,4
2019,122696168,4
2019,122692641,4
2019,122696254,5
2019,122696290,4
2019,122692739,4
2019,122689834,5
2019,122696351,5
2019,122696408,5
2019,122692895,5
2019,122696278,4
2019,122689663,4
2019,122696200,5
2019,122689782,5
2019,122692814,4
2019,122689875,5
2019,118158345,4
2019,118158364,5
2019,118155537,5
2019,118155540,5
2019,118158382,4
2019,118158391,5
2019,118155564,4
2019,118158399,4
2019,118158410,5
2019,118158414,5
2019,118161537,5
2019,118158416,5
2019,118158426,4
2019,118158430,4
2019,118158438,5
2019,118155602,5
2019,118158444,4
2019,118158449,5
2019,118158458,4
2019,118158465,4
2019,118158478,5
2019,118158477,5
2019,118158482,5
2019,118158487,4
2019,118158517,4
2019,118158527,5
2019,118158552,5
2019,118158555,5
2019,118158559,4
2019,118158569,5
2019,118158570,5
2019,118158604,4
2019,132938334,4
2019,132928627,5
2019,132928649,5
2019,132928650,4
2019,132928655,5
2019,132928682,5
2019,130242153,4
2019,130242153,2
2019,130247507,4
2019,131325918,4
2019,131325922,5
2019,131325921,4
2019,131325927,6
2019,130247512,5
2019,130247518,5
2019,130247520,4
2019,130247524,6
2019,130247526,4
2019,130247528,5
2019,130247530,5
2019,130247532,4
2019,130247533,4
2019,130247539,4
2019,130247538,4
2019,130247549,4
2019,130247550,4
2019,130247553,5
2019,130247556,4
2019,130242369,5
2019,130247561,5
2019,130247564,6
2019,130247567,5
2019,130247569,5
2019,130247581,4
2019,130247582,4
2019,130247585,4
2019,130247587,4
2019,130247588,4
2019,130247590,5
2019,128260825,5
2019,134456823,4
2019,134456843,5
2019,134456868,4
2019,134462954,4
2019,134456914,5
2019,134456924,5
2019,134462964,4
2019,134456931,4
2019,134462974,5
2019,134462983,5
2019,134462984,5
2019,134457931,4
2019,134456779,5
2019,134457938,5
2019,134456753,4
2019,134456750,4
2019,134462929,5
2019,134462938,5
2019,134462928,5
2019,128261081,5
2019,128260828,5
2019,128260844,6
2019,128260911,4
2019,128260988,5
2019,128260985,5
2019,128260987,5
2019,128260986,5
2019,128260994,4
2019,128261023,1
2019,128261039,5
2019,128261045,5
2019,128261048,5
2019,128261044,5
2019,128261043,6
2019,128261046,4
2019,128261107,4
2019,128261125,4
2019,128261143,5
2019,128261141,5
2019,128261145,5
2019,128261155,5
2019,128261160,4
2019,128261182,5
2019,128261183,5
2019,128261205,5
2019,128261218,5
2019,128261249,5
2019,128261285,4
2019,129258249,5
2019,125006825,4
2019,125006838,4
2019,128260762,5
2019,128260763,4
2019,128260941,4
2019,128260991,4
2019,128260998,4
2019,128261021,5
2019,128261042,4
2019,128261075,5
2019,128261088,4
2019,128261092,4
2019,128261097,5
2019,128261133,5
2019,128261172,5
2019,128261186,4
2019,128261203,5
2019,128261197,5
2019,128261198,5
2019,128261200,5
2019,128261201,5
2019,128261206,4
2019,128261209,5
2019,128261236,5
2019,128261244,4
2019,128261251,4
2019,128261257,5
2019,128261271,4
2019,128261272,5
2019,128261280,5
2019,128261279,5
2019,128261302,3
2019,128261315,5
2019,128261320,4
2019,128261322,5
2019,128261328,4
2019,128261330,5
2019,128261331,5
2019,128261347,5
2019,125006666,4
2019,125014523,5
2019,125006730,5
2019,125002114,4
2019,125006759,4
2019,125002122,4
2019,125006783,4
2019,125006890,5
2019,125006893,4
2019,125001979,5
2019,125019776,5
2019,125014501,5
2019,125006706,5
2019,125006747,4
2019,125006748,4
2019,125006773,4
2019,125006786,6
2019,125006788,5
2019,125014610,5
2019,125014609,5
2019,125006793,4
2019,125006792,8
2019,125006794,4
2019,125006895,5
2019,125006906,4
2019,125006907,5
2019,125006909,5
2019,125006910,5
2019,125019819,5
2019,125019820,5
2019,125006917,3
2019,125006918,4
2019,125006919,3
2019,125006920,5
2019,125006925,5
2019,125006927,5
2019,125006926,5
2019,125019840,5
2019,125006930,5
2019,125006936,4
2019,125019848,5
2019,125006939,5
2019,125006946,5
2019,125006955,4
2019,125006956,4
2019,125006962,4
2019,125006963,4
2019,125006969,4
2019,125006970,4
2019,125006973,5
2019,125006974,4
2019,125006977,4
2019,125006980,4
2019,125006983,4
2019,125006984,5
2019,125006986,5
2019,125006999,5
2019,125007001,5
2019,125007002,5
2019,125007003,5
2019,125007004,5
2019,125007005,5
2019,125007006,4
2019,125007008,5
2019,125007010,5
2019,125007023,3
2019,125007024,3
2019,125007025,4
2019,125007026,5
2019,125007030,4
2019,125007032,4
2019,125007033,4
2019,125007035,5
2019,125007036,5
2019,125007037,5
2019,125007041,4
2019,125007042,5
2019,125007043,5
2019,125007044,5
2019,125007046,5
2019,125007053,5
2019,125007054,4
2019,125007055,5
2019,125007056,1
2019,125007070,5
2019,125007071,5
2019,125007075,4
2019,125007077,4
2019,125007082,4
2019,125007083,4
2019,125007085,5
2019,125007093,5
2019,125007095,5
2019,125007098,4
2019,125007103,4
2019,125007104,4
2019,125007105,4
2019,125007107,4
2019,125007109,4
2019,125007110,5
2019,125007111,4
2019,125007118,4
2019,125007125,5
2019,125007126,5
2019,125007129,4
2019,125007133,5
2019,125007134,4
2019,125007135,4
2019,125007137,5
2019,125007141,5
2019,125007142,5
2019,125007143,6
2019,125007151,5
2019,125007153,2
2019,125007159,4
2019,125007161,5
2019,125007165,5
2019,125007166,5
2019,125007167,4
2019,125007168,5
2019,125007178,5
2019,125007179,5
2019,125007180,4
2019,125007189,5
2019,125007192,4
2019,125007195,4
2019,125007198,4
2019,125007199,4
2019,125007200,5
2019,125007205,5
2019,125007207,5
2019,125007211,5
2019,125007212,5
2019,125007213,5
2019,125007214,5
2019,125007215,2
2019,125007215,3
2019,125007243,5
2019,125007247,5
2019,125007249,5
2019,125007248,4
2019,125007257,4
2019,125007261,5
2019,125007262,4
2019,125007270,4
2019,125007273,5
2019,125007274,4
2019,125007285,5
2019,125007287,5
2019,125007292,5
2019,125007295,4
2019,125007297,5
2019,125007304,4
2019,125007305,5
2019,125007308,8
2019,125007309,4
2019,125007310,4
2019,125007316,4
2019,125007329,5
2019,125007336,4
2019,125007346,4
2019,125007352,4
2019,125007353,4
2019,125007354,4
2019,125007366,5
2019,125007371,4
2019,125007375,5
2019,125007374,5
2019,125007378,4
2019,125007380,5
2019,125007388,4
2019,125007393,4
2019,125007394,5
2019,125007397,4
2019,125007396,4
2019,125007398,5
2019,125007399,5
2019,125007402,4
2019,125007410,5
2019,125007419,5
2019,125007425,5
2019,125007427,5
2019,125007428,5
2019,125007429,5
2019,125007430,5
2019,125007432,4
2019,125007435,5
2019,125007434,5
2019,125007437,4
2019,125007444,5
2019,125007447,4
2019,125007449,5
2019,125007452,5
2019,125007453,5
2019,125007455,4
2019,125007456,5
2019,125007457,4
2019,125007461,5
2019,125007464,4
2019,125007465,5
2019,125007485,5
2019,125007486,5
2019,125007487,4
2019,125007491,5
2019,125007492,4
2019,125007493,5
2019,125007496,5
2019,125007497,4
2019,125007500,4
2019,125007504,4
2019,125007505,4
2019,125007506,4
2019,125007509,4
2019,125007518,4
2019,125007519,5
2019,125007523,5
2019,125007526,5
2019,125007538,4
2019,125007552,5
2019,125007550,5
2019,125007549,5
2019,125007551,5
2019,125007548,5
2019,125007563,4
2019,125007565,5
2019,125007567,5
2019,125007568,5
2019,125007570,4
2019,125007572,5
2019,125007571,5
2019,125007574,4
2019,125007579,5
2019,125007581,4
2019,125007584,6
2019,125007592,5
2019,125007593,5
2019,125007594,5
2019,125007596,5
2019,125007599,4
2019,125007600,5
2019,125007605,5
2019,125007608,4
2019,125007615,5
2019,125007616,5
2019,125007617,4
2019,125007619,5
2019,125007629,4
2019,125007631,5
2019,125007642,5
2019,125007643,5
2019,125007644,5
2019,125007645,5
2019,125007647,5
2019,125007650,4
2019,125007651,4
2019,125007652,4
2019,125006885,5
2019,125014680,5
2019,125007661,5
2019,125007671,6
2019,125007673,5
2019,125007678,5
2019,125007679,5
2019,125007680,4
2019,125007683,5
2019,125007684,4
2019,125007685,5
2019,125007686,5
2019,125007689,4
2019,125007694,5
2019,125007701,5
2019,125007706,4
2019,125007707,5
2019,125007708,5
2019,125007712,4
2019,125007713,4
2019,125007716,4
2019,125007717,3
2019,125007726,4
2019,125007729,4
2019,125007731,4
2019,125007733,4
2019,125007735,4
2019,125007739,5
2019,125007748,5
2019,125007749,3
2019,125007750,5
2019,125007752,5
2019,125007756,4
2019,125007757,5
2019,125007758,4
2019,125007762,4
2019,125007764,4
2019,125007767,2
2019,125007767,4
2019,125007787,5
2019,125007795,5
2019,125007798,5
2019,125007799,4
2019,125007800,4
2019,125007801,4
2019,125007802,4
2019,125007803,4
2019,125007805,4
2019,125007806,4
2019,125007811,4
2019,125007812,5
2019,125007814,4
2019,125007815,4
2019,125007816,4
2019,125007826,5
2019,125007830,4
2019,125007835,5
2019,125007834,4
2019,125007850,4
2019,125007853,5
2019,125007859,5
2019,125007864,4
2019,125007867,4
2019,125022883,4
2019,125022885,5
2019,125022886,4
2019,125022887,5
2019,125022891,4
2019,125022894,4
2019,125022898,5
2019,125022922,5
2019,125022923,6
2019,125022924,5
2019,125022928,4
2019,125022929,5
2019,125022930,5
2019,125022934,5
2019,125022933,4
2019,125022945,5
2019,125022944,4
2019,125022948,5
2019,125022949,5
2019,125022958,5
2019,125022962,4
2019,125022966,5
2019,125022967,5
2019,125022970,4
2019,125022974,4
2019,125022975,4
2019,125022977,4
2019,125022985,5
2019,125022986,5
2019,125022987,4
2019,125022991,5
2019,125022992,4
2019,125022993,5
2019,125022996,4
2019,125023001,5
2019,125023000,5
2019,125023004,5
2019,125023005,4
2019,125023006,5
2019,125023010,5
2019,125023012,4
2019,125023017,4
2019,125023018,4
2019,125023038,5
2019,125023102,5
2019,125014668,5
2019,126812873,4
2019,126812891,4
2019,126812880,5
2019,126812892,4
2019,126817580,5
2019,126817579,5
2019,126817578,5
2019,126817600,4
2019,126822943,4
2019,126821662,5
2019,126821666,5
2019,126821679,4
2019,126821689,5
2019,126812883,4
2019,130242152,5
2019,126822928,4
2019,128261359,4
2019,128261361,5
2019,128261363,4
2019,128261374,5
2019,128261379,4
2019,128261381,5
2019,128261382,5
2019,128261385,5
2019,128261395,4
2019,128261396,5
2019,128261400,5
2019,128261407,5
2019,128261415,5
2019,128261414,5
2019,128261434,4
2019,128261435,4
2019,128261438,5
2019,128261453,5
2019,128261465,5
2019,128261468,5
2019,128261481,5
2019,128261495,5
2019,128262453,4
2019,128262459,4
2019,128262465,5
2019,128262469,4
2019,128262472,4
2019,128262471,4
2019,128262480,5
2019,128262484,5
2019,128262488,5
2019,128262608,5
2019,126828392,4
2019,126828397,5
2019,126828402,4
2019,126828414,2
2019,126828414,4
2019,126828415,4
2019,126828418,4
2019,126828434,5
2019,126828456,5
2019,126828458,5
2019,126828469,4
2019,126828473,4
2019,126828474,4
2019,126828475,4
2019,126828476,5
2019,126828487,5
2019,126828504,4
2019,126828509,4
2019,126828514,4
2019,126828524,4
2019,126828529,5
2019,126828528,5
2019,126828533,4
2019,126828535,2
2019,126828538,4
2019,126828544,5
2019,126828547,4
2019,126828553,4
2019,126828554,5
2019,126828555,4
2019,126828586,4
2019,126828590,5
2019,126828593,4
2019,126828596,5
2019,126828603,5
2019,126828615,5
2019,126828616,5
2019,126828618,4
2019,126828619,5
2019,126828625,5
2019,126828624,5
2019,126828630,5
2019,126828636,4
2019,126828638,5
2019,126828654,5
2019,126828655,4
2019,126828662,4
2019,126828665,5
2019,126828664,5
2019,126828667,4
2019,126828668,4
2019,126828669,4
2019,126828674,4
2019,126828676,5
2019,126828679,4
2019,126828682,5
2019,126828683,4
2019,126828690,4
2019,126828694,4
2019,126828693,5
2019,126828699,4
2019,126828701,4
2019,126828704,4
2019,126828706,5
2019,126828709,4
2019,126828713,4
2019,126828714,4
2019,126828715,5
2019,126828716,4
2019,126828717,4
2019,126828718,5
2019,126828719,4
2019,126828720,4
2019,126828724,4
2019,126828725,4
2019,126828726,5
2019,126828728,4
2019,126828729,5
2019,126828730,4
2019,126828735,4
2019,126828736,4
2019,126828738,2
2019,126828739,4
2019,126828740,5
2019,126828741,4
2019,126828742,5
2019,126828744,4
2019,126828747,4
2019,126828752,5
2019,126828753,5
2019,126828755,5
2019,126828754,4
2019,126828763,5
2019,126828767,5
2019,126828768,5
2019,126828772,5
2019,126828773,4
2019,126828774,4
2019,126828778,5
2019,126828785,5
2019,126828790,5
2019,126828792,5
2019,126828806,5
2019,126828805,4
2019,126828808,4
2019,126828809,4
2019,126828810,4
2019,126828811,4
2019,126828814,5
2019,126828815,5
2019,126828816,5
2019,126828817,4
2019,126828818,5
2019,126828828,5
2019,126828830,5
2019,126828832,4
2019,126828843,5
2019,126828845,5
2019,126828846,4
2019,126828849,4
2019,126828850,4
2019,126828851,4
2019,126828860,5
2019,126828862,5
2019,126828866,4
2019,126828868,4
2019,126828869,4
2019,126828895,4
2019,126828897,5
2019,126828904,5
2019,126828905,5
2019,126828907,5
2019,126828916,5
2019,126828915,5
2019,126828919,4
2019,126828920,4
2019,126828945,5
2019,126828949,4
2019,126828953,4
2019,126828954,4
2019,126828956,4
2019,126828959,4
2019,126828961,4
2019,126828971,4
2019,126829019,5
2019,126829018,5
2019,126829021,4
2019,126829022,5
2019,126829023,5
2019,126829024,4
2019,126829026,1
2019,126829028,5
2019,126829029,4
2019,126829030,5
2019,126829032,5
2019,126829031,4
2019,126829034,5
2019,126829035,4
2019,126829036,4
2019,126829050,4
2019,126829051,4
2019,126829053,5
2019,126829055,4
2019,126829056,5
2019,126829059,1
2019,126829063,4
2019,126829066,5
2019,126829075,6
2019,126829074,6
2019,126829076,4
2019,126829077,5
2019,126829078,1
2019,126829083,5
2019,126829084,4
2019,126829085,5
2019,126829088,4
2019,126829087,4
2019,126829091,4
2019,126829094,1
2019,126829094,4
2019,126829109,5
2019,126829113,5
2019,126829112,5
2019,126829116,5
2019,126829115,5
2019,126829118,5
2019,126829119,5
2019,126829124,4
2019,126829129,5
2019,126829132,4
2019,126829133,5
2019,126829151,4
2019,126829153,5
2019,126829152,5
2019,126829169,5
2019,126829168,5
2019,126829178,5
2019,126829183,4
2019,126829186,3
2019,126829187,4
2019,126829188,4
2019,126829194,5
2019,126829197,5
2019,126829201,4
2019,126829203,4
2019,126829205,5
2019,126829208,6
2019,126829217,5
2019,126829234,5
2019,126829242,5
2019,126829250,5
2019,126829255,5
2019,126829263,4
2019,126829272,4
2019,126829276,4
2019,126829281,4
2019,126829328,5
2019,126829345,4
2019,126829346,4
2019,126829355,5
2019,126829356,5
2019,126829371,5
2019,126829372,5
2019,126829388,5
2019,126829399,4
2019,126829402,5
2019,126829403,5
2019,126829435,5
2019,130249635,5
2019,130249634,5
2019,130242176,5
2019,130242179,5
2019,130242180,5
2019,130242178,5
2019,125002062,4
2019,125002112,4
2019,125014569,5
2019,125006766,4
2019,125014575,5
2019,125014584,5
2019,125002143,4
2019,125014593,4
2019,125014591,4
2019,125014603,5
2019,125014604,5
2019,125014653,4
2019,125014663,4
2019,125006699,4
2019,125014534,4
2019,125014685,4
2019,125019806,4
2019,125019790,5
2019,125001968,5
2019,125014644,5
2019,125014645,5
2019,125014560,4
2019,125014564,5
2019,125014566,5
2019,125014581,4
2019,125002157,5
2019,125006814,4
2019,125006811,4
2019,125014641,4
2019,125014650,4
2019,125014655,4
2019,125018488,5
2019,134456725,5
2019,134456726,5
2019,134456729,5
2019,134457917,5
2019,126817559,4
2019,126817566,4
2019,126817565,4
2019,126817564,5
2019,126821691,3
2019,126821722,4
2019,126821812,4
2019,126821815,5
2019,126821819,4
2019,126821822,4
2019,126821838,5
2019,126821842,4
2019,126821880,4
2019,126821893,5
2019,126821892,5
2019,126817718,5
2019,126821895,4
2019,126821903,4
2019,126821915,5
2019,126821928,5
2019,126821947,5
2019,126822008,5
2019,126822010,4
2019,126822012,5
2019,126822026,4
2019,126822032,5
2019,126822046,5
2019,126822045,5
2019,126822044,5
2019,126822043,5
2019,126822080,6
2019,126822085,4
2019,126822129,1
2019,125014515,5
2019,125014514,5
2019,125006821,4
2019,125006684,5
2019,125006880,4
2019,125006828,5
2019,125018480,5
2019,125006830,5
2019,125014638,5
2019,125006826,5
2019,125006831,5
2019,125014637,5
2019,125006839,5
2019,125006843,5
2019,125014658,4
2019,125014657,5
2019,125006853,4
2019,125006855,4
2019,125006856,5
2019,129256322,5
2019,129258205,5
2019,129256341,2
2019,125006698,5
2019,125002098,5
2019,125006742,4
2019,125006749,4
2019,125002116,4
2019,125006758,4
2019,125014568,5
2019,129256352,4
2019,129256352,3
2019,129263538,5
2019,129256382,4
2019,129256385,5
2019,129256386,5
2019,129256387,4
2019,129256389,5
2019,129256391,4
2019,129256394,3
2019,129256395,5
2019,129256397,4
2019,129256396,4
2019,129256399,4
2019,129256403,5
2019,129256407,5
2019,129256408,4
2019,129256409,4
2019,129256410,2
2019,129256410,1
2019,129256410,3
2019,129256412,5
2019,129256414,4
2019,129256416,4
2019,129256419,4
2019,129256420,4
2019,129256421,5
2019,129256422,5
2019,129256424,5
2019,129256430,5
2019,129256437,4
2019,129256443,5
2019,129256445,5
2019,129256446,4
2019,129256447,4
2019,129256449,4
2019,129256450,4
2019,129256452,5
2019,129256453,5
2019,129256454,4
2019,129256459,5
2019,129256465,5
2019,129256456,5
2019,129256462,5
2019,129256461,5
2019,129256464,5
2019,129256458,5
2019,129256455,5
2019,129256460,4
2019,129256457,5
2019,129256466,5
2019,129256463,5
2019,129256468,4
2019,129256473,5
2019,129256481,5
2019,129256484,4
2019,129256485,4
2019,129256486,5
2019,129256489,5
2019,129256490,5
2019,129256491,4
2019,129256492,4
2019,129256494,4
2019,129256497,5
2019,129256495,5
2019,129256496,5
2019,129256498,5
2019,129256504,4
2019,129256505,5
2019,129256512,4
2019,129256513,4
2019,129256518,5
2019,129256523,5
2019,129256535,4
2019,129256539,5
2019,129256544,4
2019,129256545,4
2019,129256546,4
2019,129256552,5
2019,129256557,4
2019,129256558,4
2019,129256559,4
2019,129256565,5
2019,129256566,5
2019,129256568,5
2019,126821615,4
2019,126821694,5
2019,126821705,4
2019,126821767,5
2019,126821766,5
2019,126821772,4
2019,126821786,5
2019,126821787,5
2019,126821788,5
2019,126821790,4
2019,126821656,5
2019,126821657,5
2019,126817560,4
2019,126821777,5
2019,126817640,5
2019,126821796,4
2019,126821804,5
2019,126821803,5
2019,126821810,5
2019,126821809,5
2019,126821824,4
2019,126821830,4
2019,126821829,4
2019,126821837,5
2019,126821857,4
2019,126821918,5
2019,126821936,5
2019,126817749,5
2019,126821937,5
2019,126821935,5
2019,126821939,5
2019,126821951,4
2019,126821955,5
2019,126821956,5
2019,126821987,5
2019,126821997,4
2019,126821999,4
2019,126822020,4
2019,126822081,5
2019,126822083,4
2019,126822086,4
2019,126822088,3
2019,126822088,2
2019,126822092,4
2019,126822093,4
2019,126822091,4
2019,126822096,6
2019,126822095,6
2019,126822097,6
2019,126822098,6
2019,126822102,4
2019,126822104,4
2019,126822105,4
2019,126822114,5
2019,126822146,5
2019,126822166,5
2019,126822171,2
2019,126822171,3
2019,126822178,5
2019,126822177,4
2019,126822180,4
2019,126822190,5
2019,126822196,4
2019,126822207,5
2019,126822212,5
2019,126822213,4
2019,126822209,4
2019,126822211,5
2019,126822210,4
2019,126822227,5
2019,126822232,4
2019,126822238,5
2019,126822239,4
2019,128260737,3
2019,128260916,4
2019,131328802,4
2019,131328729,5
2019,131328810,5
2019,129258194,4
2019,129258222,4
2019,129258222,8
2019,129258261,5
2019,129263263,4
2019,129258269,5
2019,129263296,4
2019,129258284,5
2019,129258288,4
2019,129258291,4
2019,129263340,5
2019,129258295,4
2019,129263344,5
2019,129263349,5
2019,129263343,5
2019,129263348,5
2019,129258294,5
2019,129263346,5
2019,129263345,5
2019,129263347,5
2019,129258296,4
2019,129258298,4
2019,129258299,4
2019,129263383,4
2019,129258309,5
2019,129258310,5
2019,129258312,5
2019,129258311,4
2019,129258314,5
2019,129258320,5
2019,129258322,5
2019,129258325,5
2019,129258329,4
2019,129258339,5
2019,131328821,4
2019,131328869,5
2019,131328897,4
2019,131328942,4
2019,131328946,4
2019,131328952,4
2019,131328955,4
2019,131328994,1
2019,131328996,5
2019,131328998,4
2019,131328999,5
2019,131328998,3
2019,131329002,5
2019,131329006,4
2019,131329010,5
2019,131329009,5
2019,131329021,5
2019,131329020,5
2019,131329018,4
2019,131329019,5
2019,131329042,4
2019,131329047,5
2019,131329050,5
2019,131329051,4
2019,131329052,4
2019,131329056,4
2019,131329057,5
2019,131329062,5
2019,131329061,4
2019,131329068,4
2019,131329069,4
2019,131329072,5
2019,131329079,4
2019,131329087,5
2019,131329088,5
2019,131329086,5
2019,131329095,4
2019,131329097,5
2019,131329106,5
2019,131329108,5
2019,131329109,5
2019,131329110,5
2019,131329117,4
2019,131329118,4
2019,131329120,4
2019,131329122,4
2019,131329123,5
2019,131329124,5
2019,131329128,5
2019,131329132,4
2019,131329133,4
2019,131329134,5
2019,131329137,5
2019,131329142,4
2019,131329141,5
2019,131329147,5
2019,131329148,5
2019,131329149,4
2019,131329152,5
2019,131329154,5
2019,131329157,4
2019,131329162,4
2019,131329175,5
2019,131329182,5
2019,131329184,5
2019,131329186,5
2019,131329191,5
2019,131329192,5
2019,131329193,4
2019,131329193,7
2019,131329197,4
2019,131329200,5
2019,131329202,5
2019,131329207,4
2019,131329213,5
2019,131329211,5
2019,131329212,5
2019,131329210,5
2019,131329214,4
2019,131329216,5
2019,131329221,5
2019,131329223,5
2019,131329225,5
2019,131329226,5
2019,131329227,4
2019,131329230,5
2019,131329236,5
2019,131329237,5
2019,131329243,5
2019,131329240,5
2019,131329245,5
2019,131329246,5
2019,131329244,5
2019,131329242,5
2019,131329241,5
2019,131329247,5
2019,131329248,4
2019,131329249,4
2019,131329251,5
2019,131329250,5
2019,131329252,5
2019,131329255,5
2019,131329258,4
2019,131329258,2
2019,131329258,8
2019,131329260,4
2019,131329267,5
2019,131329265,5
2019,131329266,5
2019,131329268,4
2019,131329270,5
2019,131329274,5
2019,131329273,5
2019,131329277,4
2019,131329278,5
2019,131329279,5
2019,131329280,5
2019,131329281,5
2019,131329285,5
2019,131329286,5
2019,131329287,5
2019,131329291,5
2019,131329294,5
2019,131329299,4
2019,131329303,5
2019,131329308,5
2019,131329309,4
2019,131329314,5
2019,131329330,4
2019,131329331,4
2019,131329351,4
2019,131329353,4
2019,131329357,5
2019,131329355,5
2019,131329354,5
2019,131329356,5
2019,131329360,5
2019,131329364,5
2019,131329363,4
2019,131329362,5
2019,131329367,5
2019,131329366,4
2019,131329370,5
2019,131329371,4
2019,131329374,5
2019,131329379,5
2019,131329380,4
2019,131329383,4
2019,131329385,5
2019,131329390,5
2019,131329393,5
2019,131329392,5
2019,131329394,4
2019,131329396,4
2019,131329400,5
2019,131329410,5
2019,131329414,5
2019,131329413,5
2019,131329417,4
2019,131329418,4
2019,131329430,4
2019,131329434,4
2019,131329436,5
2019,131329441,5
2019,131329446,5
2019,131329445,5
2019,131329444,5
2019,131329448,5
2019,131329449,4
2019,131329452,4
2019,131329456,5
2019,131329457,5
2019,131329459,5
2019,131329462,5
2019,131329461,5
2019,131329458,5
2019,131329467,5
2019,131329469,5
2019,131329468,5
2019,131329470,5
2019,131329472,5
2019,131329471,5
2019,131329478,4
2019,131329479,5
2019,131329480,4
2019,131329483,4
2019,131329484,4
2019,131329485,5
2019,131329486,5
2019,131329489,4
2019,131329490,5
2019,131329491,5
2019,131329492,4
2019,131329501,5
2019,131329507,4
2019,131329509,4
2019,131329512,4
2019,131329517,4
2019,131329539,4
2019,131329544,5
2019,131329547,5
2019,131329556,5
2019,131329558,5
2019,131329557,4
2019,131329559,5
2019,131329560,5
2019,131329563,4
2019,131329564,4
2019,131329565,4
2019,131329567,4
2019,131329572,5
2019,131329579,5
2019,131329583,4
2019,131329586,6
2019,131329589,5
2019,131329591,5
2019,131329592,5
2019,131329600,5
2019,131329601,4
2019,131329602,4
2019,131329604,5
2019,131329605,4
2019,131329606,5
2019,131329617,5
2019,131329627,5
2019,131329626,5
2019,131329630,4
2019,131329631,4
2019,131329637,4
2019,131329638,4
2019,131329642,5
2019,131329646,5
2019,131329648,5
2019,131329649,5
2019,131329645,5
2019,131329647,5
2019,131329644,5
2019,131329666,4
2019,131329668,4
2019,131329675,4
2019,131329684,4
2019,131329688,5
2019,131329689,4
2019,131329690,5
2019,131329694,5
2019,131329699,5
2019,131329704,4
2019,131329713,5
2019,131329714,4
2019,131329715,5
2019,131329719,5
2019,131329720,4
2019,131329721,5
2019,131329722,5
2019,131329723,5
2019,131329730,4
2019,131329731,5
2019,131329751,5
2019,131329750,5
2019,131329765,5
2019,131329771,4
2019,131329775,6
2019,131329780,5
2019,131329779,5
2019,131329782,5
2019,131329781,5
2019,131329788,5
2019,131329803,5
2019,131329808,4
2019,131329809,4
2019,131329810,4
2019,131329817,4
2019,131329824,5
2019,131329826,5
2019,131329836,5
2019,131329837,4
2019,131329840,5
2019,131329839,5
2019,131329844,5
2019,131329848,5
2019,131329849,5
2019,131329852,4
2019,131329853,5
2019,131329857,4
2019,131329859,5
2019,131329860,5
2019,131329861,5
2019,131329864,5
2019,131329865,5
2019,131329870,4
2019,131329875,5
2019,131329871,6
2019,131329873,5
2019,131329876,5
2019,131329872,4
2019,131329874,5
2019,131329886,5
2019,131329895,4
2019,131329896,5
2019,131329897,4
2019,131329898,4
2019,131329902,5
2019,131329903,4
2019,131329905,5
2019,131329907,5
2019,131329908,5
2019,131329910,4
2019,131329911,4
2019,131329915,4
2019,131329916,4
2019,131329917,4
2019,131329918,5
2019,131329920,4
2019,131329924,5
2019,131329928,5
2019,131329931,5
2019,131329932,5
2019,131329934,4
2019,131329938,5
2019,131329937,5
2019,131329936,5
2019,131329943,5
2019,131329942,5
2019,131329963,4
2019,131329987,2
2019,131329988,5
2019,131330024,5
2019,131330026,5
2019,132938316,4
2019,132938354,5
2019,131328775,4
2019,131328780,4
2019,131328783,5
2019,131322762,5
2019,131328804,4
2019,131328807,5
2019,131328816,5
2019,131328817,5
2019,131328828,5
2019,131328827,5
2019,131328853,5
2019,131328855,5
2019,131328856,5
2019,131328883,5
2019,131328887,4
2019,131328886,4
2019,131328891,4
2019,131328904,4
2019,131328910,6
2019,131328956,5
2019,131328958,4
2019,131328959,5
2019,131328972,5
2019,131328974,4
2019,131328976,5
2019,131328990,5
2019,131328991,5
2019,131328995,2
2019,131329003,5
2019,131329012,4
2019,131329024,5
2019,131329025,4
2019,131329026,5
2019,131329033,5
2019,131329035,5
2019,131329040,5
2019,131329039,5
2019,131329038,4
2019,131329046,5
2019,132938371,4
2019,132938400,5
2019,131328742,5
2019,129256327,5
2019,129258244,4
2019,129258241,4
2019,129263243,3
2019,131328717,4
2019,131328744,4
2019,131328747,5
2019,131328756,4
2019,132928594,5
2019,132938341,5
2019,132938338,5
2019,132938366,4
2019,132938367,5
2019,132938403,5
2019,132938414,4
2019,132938417,4
2019,132938429,2
2019,132938430,4
2019,132938446,4
2019,132938447,5
2019,132938452,5
2019,132938456,5
2019,132938455,4
2019,132938458,4
2019,132938460,4
2019,132938462,5
2019,132938461,5
2019,132938478,5
2019,132938479,5
2019,132938483,5
2019,132938485,4
2019,132938492,4
2019,132938501,4
2019,132938504,4
2019,132938506,5
2019,132933800,5
2019,132933801,5
2019,132938517,4
2019,132938522,6
2019,132938527,6
2019,132938531,4
2019,132938536,5
2019,132938558,5
2019,132938565,5
2019,132938587,5
2019,132938594,4
2019,132933825,4
2019,132938602,4
2019,132938603,5
2019,132938608,5
2019,132938613,5
2019,132938614,5
2019,132938615,5
2019,132938616,5
2019,132938618,5
2019,132938628,5
2019,132938631,5
2019,132938630,5
2019,128260811,4
2019,128260813,5
2019,128260818,5
2019,132938674,5
2019,132938675,5
2019,132938673,5
2019,132938677,5
2019,132938679,4
2019,132938680,4
2019,132938681,5
2019,132938683,5
2019,132938685,4
2019,132938687,5
2019,132938691,5
2019,132938692,4
2019,132938693,4
2019,132938695,5
2019,132938697,5
2019,132938698,5
2019,132938700,5
2019,132938699,5
2019,132938705,4
2019,132938708,5
2019,132938718,5
2019,132938720,5
2019,132938730,4
2019,132938741,5
2019,132938739,5
2019,132938740,5
2019,132938742,5
2019,132938743,4
2019,132938744,5
2019,132938745,5
2019,132938747,4
2019,132938749,4
2019,132938751,5
2019,132938759,5
2019,132938764,4
2019,132938765,4
2019,132938766,4
2019,132938781,5
2019,132938790,5
2019,132938793,5
2019,132938792,4
2019,132938794,5
2019,132938795,5
2019,132938801,4
2019,132938804,4
2019,132938803,4
2019,132938807,5
2019,132938817,4
2019,132938819,2
2019,132938819,6
2019,132938819,3
2019,132938820,5
2019,132938824,4
2019,132938827,4
2019,132938832,5
2019,132938833,5
2019,132938834,4
2019,132938836,4
2019,132938841,4
2019,132938842,5
2019,132938848,4
2019,132938850,4
2019,132938851,4
2019,132938856,5
2019,132938859,4
2019,132938865,5
2019,132938867,5
2019,132938868,5
2019,132938874,4
2019,132938885,4
2019,132938887,4
2019,132938888,5
2019,132938889,4
2019,132938890,4
2019,132938891,5
2019,132938893,4
2019,132938894,4
2019,132938895,5
2019,132938899,4
2019,132934022,5
2019,132938904,4
2019,132938911,6
2019,132938914,5
2019,132938915,5
2019,132938927,5
2019,132938930,4
2019,132938937,5
2019,132938940,5
2019,132938941,4
2019,132938943,5
2019,132938947,5
2019,132938948,4
2019,132938949,4
2019,132938952,5
2019,132938951,5
2019,132938955,5
2019,132938965,5
2019,132938964,5
2019,132938970,5
2019,132938972,4
2019,132938977,4
2019,132938980,4
2019,132934031,5
2019,132934030,5
2019,132938985,5
2019,132938986,4
2019,132938988,5
2019,132938990,4
2019,132938991,5
2019,132938992,5
2019,132938994,4
2019,132939002,5
2019,132939001,5
2019,132939007,4
2019,132939006,5
2019,132939017,5
2019,132939018,5
2019,132939020,4
2019,132939021,6
2019,132939025,4
2019,132939026,4
2019,132939036,4
2019,132939044,4
2019,132939049,5
2019,132939050,5
2019,132939051,5
2019,132939056,4
2019,132939058,4
2019,132939073,5
2019,132939077,5
2019,132939082,1
2019,132939082,7
2019,132939086,2
2019,132939089,4
2019,132939090,5
2019,132939091,4
2019,132939136,4
2019,128260749,4
2019,128260871,5
2019,128260870,3
2019,128260882,5
2019,128260929,4
2019,128260931,5
2019,128260949,4
2019,128261012,4
2019,128261041,5
2019,128261056,5
2019,128261057,4
2019,128261073,4
2019,128261078,4
2019,128261084,5
2019,128261111,4
2019,128261119,5
2019,128261123,5
2019,128261369,4
2019,128261371,5
2019,128261372,5
2019,128261373,4
2019,128261375,5
2019,128261378,5
2019,128261384,5
2019,128261426,4
2019,128261430,5
2019,128261431,5
2019,128261447,5
2019,128261456,4
2019,128261487,4
2019,128261488,4
2019,128261494,4
2019,128261499,4
2019,128261502,4
2019,128261504,4
2019,128261507,5
2019,128261508,1
2019,128261508,6
2019,128261509,4
2019,128261512,4
2019,128261513,4
2019,128261515,4
2019,128261516,4
2019,128261521,5
2019,128261557,1
2019,128261559,4
2019,128261560,4
2019,128261561,4
2019,128261562,4
2019,128261564,5
2019,128261565,5
2019,128261567,5
2019,128261566,5
2019,128261568,5
2019,128261569,4
2019,128261571,5
2019,128261570,5
2019,128261572,5
2019,128261573,4
2019,128261575,4
2019,128261576,4
2019,128261580,4
2019,128261583,4
2019,128261582,4
2019,128261585,4
2019,128261592,5
2019,128261593,4
2019,128261596,5
2019,128261599,4
2019,128261600,4
2019,128261601,4
2019,128261602,5
2019,128261603,5
2019,128261605,5
2019,128261606,5
2019,128261608,4
2019,128261613,4
2019,128261614,5
2019,128261616,5
2019,128261617,5
2019,128261618,5
2019,128261631,4
2019,128261638,5
2019,128261640,5
2019,128261641,4
2019,128261643,5
2019,128261644,4
2019,128261645,5
2019,128261646,4
2019,128261648,5
2019,128261647,5
2019,128261650,4
2019,128261652,4
2019,128261666,5
2019,128261669,4
2019,128261677,5
2019,128261678,4
2019,128261679,4
2019,128261682,5
2019,128261685,4
2019,128261686,4
2019,128261688,5
2019,128261694,4
2019,128261693,4
2019,128261691,4
2019,128261692,4
2019,128261697,5
2019,128261698,5
2019,128261700,4
2019,128261699,5
2019,128261701,5
2019,128261702,5
2019,128261704,3
2019,128261706,5
2019,128261721,5
2019,128261724,4
2019,128261733,4
2019,128261755,5
2019,128261756,5
2019,128261757,5
2019,128261764,5
2019,128261769,6
2019,128261766,5
2019,128261767,5
2019,128261762,5
2019,128261765,5
2019,128261763,5
2019,128261772,5
2019,128261775,4
2019,128261776,4
2019,128261791,4
2019,128261795,5
2019,128261800,4
2019,128261803,4
2019,128261806,5
2019,128261808,4
2019,128261809,5
2019,128261810,4
2019,128261812,5
2019,128261811,5
2019,128261816,5
2019,128261817,4
2019,128261818,5
2019,128261822,5
2019,128261827,4
2019,128261832,5
2019,128261846,4
2019,128261848,5
2019,128261852,4
2019,128261853,4
2019,128261856,4
2019,128261857,4
2019,128261870,5
2019,128261880,5
2019,128261886,5
2019,128261884,5
2019,128261885,5
2019,128261889,5
2019,128261890,5
2019,128261893,3
2019,128261895,4
2019,128261897,4
2019,128261898,4
2019,128261901,4
2019,128261903,5
2019,128261904,5
2019,128261905,3
2019,128261908,4
2019,128261914,4
2019,128261940,4
2019,128261944,5
2019,128261948,4
2019,128261951,5
2019,128261955,5
2019,128261956,5
2019,128261962,5
2019,128261963,5
2019,128261966,4
2019,128261968,4
2019,128261971,4
2019,128261974,4
2019,128261979,5
2019,128261981,4
2019,128261988,5
2019,128261989,4
2019,128261991,4
2019,128261993,4
2019,128261994,5
2019,128261995,5
2019,128261998,4
2019,128262000,4
2019,128262001,4
2019,128262005,5
2019,128262006,4
2019,128262007,5
2019,128262008,4
2019,128262013,5
2019,128262020,4
2019,128262022,4
2019,128262024,5
2019,128262023,5
2019,128262025,5
2019,128262029,4
2019,128262030,5
2019,128262032,3
2019,128262036,4
2019,128262037,4
2019,128262038,5
2019,128262040,5
2019,128262051,4
2019,128262057,5
2019,128262058,4
2019,128262068,5
2019,128262070,4
2019,128262107,5
2019,128262110,4
2019,128262112,5
2019,128262113,4
2019,128262114,4
2019,128262115,5
2019,128262124,5
2019,128262129,4
2019,128262130,5
2019,128262133,5
2019,128262135,5
2019,128262138,4
2019,128262139,6
2019,128262140,5
2019,128262147,4
2019,128262149,5
2019,128262153,5
2019,128262152,5
2019,128262155,4
2019,128262156,5
2019,128262157,5
2019,128262159,5
2019,128262164,5
2019,128262177,4
2019,128262190,4
2019,128262194,4
2019,128262196,4
2019,128262199,5
2019,128262204,5
2019,128262203,5
2019,128262206,4
2019,128262209,5
2019,128262210,4
2019,128262218,4
2019,128262220,5
2019,128262224,5
2019,128262222,5
2019,128262223,5
2019,128262225,5
2019,128262227,4
2019,128262231,5
2019,128262234,4
2019,128262238,5
2019,128262241,5
2019,128262243,4
2019,128262253,4
2019,128262256,5
2019,128262258,5
2019,128262266,4
2019,128262268,5
2019,128262271,4
2019,128262270,4
2019,128262272,5
2019,128262274,5
2019,128262273,5
2019,128262275,5
2019,128262279,4
2019,128262280,4
2019,128262285,5
2019,128262289,5
2019,128262291,5
2019,128262297,4
2019,128262298,4
2019,128262299,5
2019,128262301,4
2019,128262328,4
2019,128262331,5
2019,128262330,4
2019,128262332,5
2019,128262341,4
2019,128262349,5
2019,128262353,5
2019,128262367,5
2019,128262378,4
2019,128262379,5
2019,128262380,4
2019,128262385,4
2019,128262391,5
2019,128262399,5
2019,128262401,4
2019,128262402,5
2019,128262408,4
2019,128262422,5
2019,128262426,5
2019,128262428,4
2019,128262432,4
2019,128262434,4
2019,128262436,4
2019,128262437,5
2019,128262439,3
2019,128262440,5
2019,128262443,4
2019,128262443,8
2019,128262445,5
2019,128262489,5
2019,128262492,5
2019,128262493,5
2019,128262497,4
2019,128262510,5
2019,128262511,5
2019,128262512,5
2019,128262513,5
2019,128262509,5
2019,128262508,5
2019,128262518,4
2019,128262522,5
2019,128262523,4
2019,128262524,5
2019,128262525,4
2019,128262526,4
2019,128262528,4
2019,128262529,3
2019,128262534,5
2019,128262542,5
2019,128262547,5
2019,128262555,4
2019,128262556,5
2019,128262560,5
2019,128262563,5
2019,128262558,4
2019,128262559,5
2019,128262561,5
2019,128262562,5
2019,128262570,5
2019,128262573,5
2019,128262575,5
2019,128262580,3
2019,128260865,4
2019,128260939,5
2019,128260937,5
2019,128261005,5
2019,128261037,5
2019,128261071,5
2019,128261091,5
2019,129258216,5
2019,129258267,5
2019,129258271,5
2019,129258276,5
2019,129258274,6
2019,129258275,5
2019,129258278,4
2019,132938349,4
2019,132938393,4
2019,132938396,4
2019,132938401,5
2019,132938412,5
2019,132938448,5
2019,128260902,4
2019,128260982,4
2019,128261015,4
2019,128261016,4
2019,128261014,4
2019,131328733,5
2019,131328749,5
2019,131328808,4
2019,131328847,5
2019,131328860,5
2019,131328901,6
2019,131328901,8
2019,131328908,5
2019,131328927,5
2019,131328931,5
2019,131328932,5
2019,131328773,5
2019,131328814,5
2019,131328851,5
2019,131328850,4
2019,131322786,6
2019,131328858,5
2019,131328878,4
2019,131328906,5
2019,131328905,4
2019,131328918,5
2019,131328936,4
2019,131328940,5
2019,131328941,5
2019,131328950,4
2019,131328953,8
2019,131328954,5
2019,131328970,5
2019,131328971,4
2019,131328981,5
2019,131328992,4
2019,129258214,5
2019,129256313,4
2019,131328743,4
2019,131328745,4
2019,130249659,5
2019,130249658,5
2019,130249657,5
2019,130249650,4
2019,130249651,5
2019,131328830,5
2019,131328839,4
2019,132928637,5
2019,132933773,4
2019,132928636,4
2019,132928642,5
2019,132938379,4
2019,132938379,8
2019,132933783,5
2019,132938411,5
2019,132938424,4
2019,132938440,5
2019,132938439,4
2019,132938444,5
2019,132938471,5
2019,132938489,5
2019,132938493,4
2019,132938496,5
2019,132938507,4
2019,132938509,5
2019,132938512,4
2019,132938513,5
2019,132938514,4
2019,132938537,5
2019,132938538,5
2019,132938546,5
2019,132938549,5
2019,132938550,5
2019,132938567,4
2019,132938574,5
2019,131322757,4
2019,131322756,5
2019,131328763,4
2019,131328826,5
2019,131328865,4
2019,131328876,5
2019,132928632,5
2019,132938436,4
2019,132938450,5
2019,132938464,4
2019,132938465,4
2019,132938474,5
2019,132938475,4
2019,132938553,4
2019,132938562,4
2019,132938575,4
2019,132938583,5
2019,132938584,5
2019,132938633,4
2019,132933853,4
2019,132938637,4
2019,132938645,5
2019,132938653,4
2019,132938656,4
2019,132938660,4
2019,132938665,4
2019,132938666,4
2019,132933887,5
2019,126821617,6
2019,126817518,5
2019,126812835,5
2019,126821639,5
2019,126821665,4
2019,126812889,5
2019,126821696,5
2019,126812890,5
2019,126821724,4
2019,126822939,4
2019,126817598,5
2019,126821754,5
2019,126821793,4
2019,126822248,5
2019,126822251,5
2019,132928622,6
2019,132928630,5
2019,132928631,5
2019,132928633,6
2019,132938382,5
2019,132928665,8
2019,132928665,4
2019,132938389,4
2019,132928671,5
2019,132938406,5
2019,132938404,5
2019,132928677,4
2019,132928677,2
2019,132938423,5
2019,125002211,5
2019,125002212,4
2019,125002224,5
2019,125002228,4
2019,125002241,5
2019,125002240,5
2019,125002249,4
2019,125002252,5
2019,125002256,5
2019,125002262,5
2019,125002268,5
2019,125002280,5
2019,125002290,4
2019,125002312,5
2019,125002313,4
2019,125002022,5
2019,125002094,4
2019,125002008,5
2019,125002082,5
2019,125006729,5
2019,125002079,5
2019,125002125,4
2019,125002155,4
2019,125002183,4
2019,125002190,5
2019,125002189,5
2019,125002192,5
2019,125002195,4
2019,125002200,4
2019,125002206,4
2019,125002209,5
2019,125002213,4
2019,125002215,4
2019,125002218,5
2019,125002219,5
2019,125002220,5
2019,125002225,4
2019,125002229,4
2019,125002230,4
2019,125002243,4
2019,125002258,4
2019,125002267,5
2019,125002276,4
2019,125002275,4
2019,125002281,5
2019,125002285,5
2019,125002286,5
2019,125002299,5
2019,125002305,4
2019,125002307,4
2019,125002319,4
2019,125002322,4
2019,125002323,5
2019,125002324,5
2019,125002325,5
2019,125002327,4
2019,125002328,4
2019,125002329,3
2019,125002330,5
2019,125002335,3
2019,125002334,5
2019,125002337,4
2019,125002339,4
2019,125002340,8
2019,125002344,4
2019,125002351,4
2019,125002352,5
2019,125002353,4
2019,125002356,5
2019,125002358,5
2019,125002359,5
2019,125002360,4
2019,125002361,4
2019,125002362,4
2019,125002364,4
2019,125002365,4
2019,125002367,4
2019,125002369,4
2019,125002372,4
2019,125002373,5
2019,125002375,5
2019,125002378,5
2019,125002379,5
2019,125002381,5
2019,125002385,4
2019,125002387,5
2019,125002388,5
2019,125002392,4
2019,125002393,5
2019,125002397,4
2019,125002398,5
2019,125002399,4
2019,125002400,5
2019,125002401,2
2019,125002401,4
2019,125002404,4
2019,125002406,2
2019,125002406,3
2019,125002411,4
2019,125002418,4
2019,125002422,5
2019,125002426,5
2019,125002425,5
2019,125002435,4
2019,125002437,3
2019,125002437,6
2019,125002440,5
2019,125002446,4
2019,125002456,5
2019,125002457,5
2019,125002460,5
2019,125002465,5
2019,125002467,4
2019,125002473,5
2019,125002474,4
2019,125002475,4
2019,125002477,5
2019,125002480,4
2019,125002482,5
2019,125002481,4
2019,125002488,5
2019,125002505,4
2019,125002504,4
2019,125002507,4
2019,125002508,5
2019,125002509,5
2019,125002510,5
2019,125002513,5
2019,125002514,5
2019,125002515,5
2019,125002523,5
2019,125002524,4
2019,125002525,4
2019,125002526,5
2019,125002530,5
2019,125002532,5
2019,125002542,5
2019,125002547,5
2019,125002548,5
2019,125002553,5
2019,125002556,5
2019,125002557,5
2019,125002564,4
2019,125002565,7
2019,125002565,1
2019,125002569,4
2019,125002572,4
2019,125002575,4
2019,125002577,4
2019,125002583,5
2019,125002584,5
2019,125002589,5
2019,125002587,5
2019,125002588,5
2019,125002595,5
2019,125002598,4
2019,125002601,5
2019,125002602,4
2019,125002603,5
2019,125002604,5
2019,125002606,4
2019,125002614,4
2019,125002615,5
2019,125002619,4
2019,125002618,4
2019,125002621,5
2019,125002624,4
2019,125002626,4
2019,125002625,4
2019,125002630,4
2019,125002632,4
2019,125002637,3
2019,125002642,5
2019,125002643,4
2019,125002644,4
2019,125002647,4
2019,125002648,5
2019,125002649,4
2019,125002655,4
2019,125002662,5
2019,125002663,4
2019,125002667,5
2019,125002673,5
2019,125002692,5
2019,125002701,4
2019,125002705,4
2019,125002706,5
2019,125002710,4
2019,125002713,4
2019,125002716,5
2019,125002717,5
2019,125002719,5
2019,125002722,5
2019,125002727,5
2019,125002730,5
2019,125002729,5
2019,125002732,5
2019,125002731,5
2019,125002734,5
2019,125002736,5
2019,125002737,2
2019,125002737,1
2019,125002740,5
2019,125002739,4
2019,125002746,5
2019,125002747,5
2019,125002750,5
2019,125002748,5
2019,125002745,5
2019,125002744,5
2019,125002749,5
2019,125002753,4
2019,125002755,5
2019,125002756,5
2019,125002757,5
2019,125002758,5
2019,125002760,4
2019,125002769,5
2019,125002772,4
2019,125002771,4
2019,125002793,5
2019,125002794,5
2019,125002804,5
2019,125002806,5
2019,125002811,5
2019,125002812,5
2019,125002814,4
2019,125002820,5
2019,125002823,1
2019,125002823,3
2019,125002831,5
2019,125002830,5
2019,125002835,5
2019,125002837,4
2019,125002838,4
2019,125002840,4
2019,125002843,5
2019,125002844,5
2019,125002845,5
2019,125002857,4
2019,125002859,4
2019,125002862,5
2019,125002868,5
2019,125002867,5
2019,125002872,5
2019,125017873,4
2019,125017874,5
2019,125017875,4
2019,125017877,4
2019,125017878,4
2019,125017882,5
2019,125017887,4
2019,125017888,5
2019,125017889,5
2019,125017892,5
2019,125017893,4
2019,125017895,4
2019,125017897,5
2019,125017896,5
2019,125017900,5
2019,125017901,5
2019,125017904,4
2019,125017906,4
2019,125017910,4
2019,125017911,4
2019,125017912,4
2019,125017913,5
2019,125017916,5
2019,125017917,4
2019,125017923,5
2019,125017926,5
2019,125017925,5
2019,125017933,4
2019,125017932,4
2019,125017934,4
2019,125017935,4
2019,125017936,4
2019,125017937,5
2019,125017941,5
2019,125017942,5
2019,125017943,8
2019,125017943,4
2019,125017944,4
2019,125017946,4
2019,125017945,4
2019,125017962,5
2019,125017963,4
2019,125017971,5
2019,125017982,5
2019,125017985,5
2019,125017987,5
2019,125017989,4
2019,125017990,5
2019,125017993,5
2019,125017997,4
2019,125017999,5
2019,125018008,5
2019,125018012,5
2019,125018044,4
2019,125018045,5
2019,125018047,4
2019,125018048,4
2019,125018049,4
2019,125018051,5
2019,125018053,5
2019,125018055,5
2019,125018056,5
2019,125018057,4
2019,125018058,5
2019,125018059,4
2019,125018061,5
2019,125018063,5
2019,125018071,4
2019,125018070,5
2019,125018076,5
2019,125018081,5
2019,125018079,5
2019,125018080,5
2019,125018090,5
2019,125018091,5
2019,125018097,5
2019,125018101,5
2019,125018103,4
2019,125018105,4
2019,125018108,4
2019,125018121,4
2019,125018122,4
2019,125018127,4
2019,125018141,4
2019,125018143,5
2019,125018144,5
2019,125018145,4
2019,125018151,4
2019,125018154,5
2019,125018156,5
2019,125018158,4
2019,125018159,5
2019,125018482,4
2019,125002065,5
2019,125018164,5
2019,125018167,5
2019,125018170,5
2019,125018177,5
2019,125018185,5
2019,125018186,4
2019,125018187,4
2019,125018192,4
2019,125018193,4
2019,125018198,4
2019,125018203,5
2019,125018205,5
2019,125018206,5
2019,125018207,4
2019,125018211,4
2019,125018212,4
2019,125018215,1
2019,125018216,4
2019,125018220,5
2019,125018225,4
2019,125018226,5
2019,125018227,4
2019,125018228,4
2019,125018229,4
2019,125018230,5
2019,125018234,5
2019,125018236,4
2019,125018237,4
2019,125018244,4
2019,125018247,5
2019,125018252,5
2019,125018253,4
2019,125018255,5
2019,125018258,4
2019,125018267,6
2019,125018267,8
2019,125018271,5
2019,125018270,5
2019,125018272,5
2019,125018279,5
2019,125018289,4
2019,125018291,5
2019,125018294,4
2019,125018295,5
2019,125018301,5
2019,125018305,4
2019,125018314,4
2019,125018313,5
2019,125018312,5
2019,125018318,5
2019,125018356,5
2019,125018371,4
2019,125018395,4
2019,125018410,5
2019,125018414,4
2019,125018415,5
2019,125018432,5
2019,125019802,4
2019,125006904,5
2019,125006903,5
2019,125006902,5
2019,125006901,4
2019,125019812,5
2019,125019814,5
2019,125019816,4
2019,125006884,4
2019,125014630,4
2019,125019811,4
2019,125019815,5
2019,125019823,5
2019,125019826,5
2019,125019825,5
2019,125019828,5
2019,125019829,5
2019,125019830,4
2019,125019833,5
2019,125019832,5
2019,125019831,5
2019,125019835,4
2019,125019837,2
2019,125019837,4
2019,125006929,5
2019,125019841,4
2019,125019842,5
2019,125019843,4
2019,125019844,4
2019,125019846,5
2019,125019847,5
2019,125019849,4
2019,125019852,4
2019,125019853,1
2019,125019857,4
2019,125019859,2
2019,125006947,4
2019,125019863,5
2019,125006948,5
2019,125006949,5
2019,125019865,4
2019,125019866,4
2019,125019869,3
2019,125018489,5
2019,125018491,4
2019,125006889,5
2019,125018492,4
2019,125018493,4
2019,125018498,4
2019,125018499,5
2019,125018503,4
2019,125018504,5
2019,125018510,5
2019,125018509,4
2019,125018514,4
2019,125018515,4
2019,125018518,4
2019,125018520,5
2019,125018521,5
2019,125018519,5
2019,125018523,4
2019,125018524,4
2019,125018527,5
2019,125018532,5
2019,125018534,4
2019,125018537,5
2019,125018540,3
2019,125018540,8
2019,125018540,7
2019,125018546,5
2019,125018557,5
2019,125018563,5
2019,125018574,4
2019,125018577,5
2019,125018580,4
2019,125018585,5
2019,125018586,8
2019,125018594,5
2019,125018595,4
2019,125018596,5
2019,125018600,4
2019,125018602,5
2019,125018606,5
2019,125018608,4
2019,125018612,4
2019,125018614,4
2019,125018616,5
2019,125018621,5
2019,125018622,4
2019,125018623,5
2019,125018625,4
2019,125018627,5
2019,125018628,5
2019,125018630,5
2019,125018637,5
2019,125018639,5
2019,125018644,4
2019,125018646,5
2019,125018645,5
2019,125018649,4
2019,125018648,5
2019,125018650,5
2019,125018651,4
2019,125018652,4
2019,125018671,5
2019,125018672,5
2019,125018674,4
2019,125018676,5
2019,125018698,5
2019,125018710,5
2019,125018713,4
2019,125018716,5
2019,125018718,5
2019,125018717,5
2019,125018728,5
2019,125018730,4
2019,125018735,5
2019,125018733,5
2019,125018734,5
2019,125018736,5
2019,125018737,4
2019,125018738,5
2019,125018742,4
2019,125018741,4
2019,125018743,5
2019,125018745,4
2019,125018746,5
2019,125018748,5
2019,125018747,5
2019,125018759,4
2019,125018762,5
2019,125018766,4
2019,125018767,5
2019,125018771,5
2019,125018773,5
2019,125018776,4
2019,125018775,4
2019,125018777,4
2019,125018778,5
2019,125018781,4
2019,125018780,4
2019,125018783,5
2019,125018792,5
2019,125018794,5
2019,125018801,4
2019,125018803,5
2019,125018806,4
2019,125018810,5
2019,125018809,5
2019,125018811,4
2019,125018813,5
2019,125018814,1
2019,125018815,5
2019,125018817,5
2019,125018818,5
2019,125018819,5
2019,125018820,4
2019,125018830,4
2019,125018842,5
2019,125018843,5
2019,125018848,4
2019,125018850,4
2019,125018851,5
2019,125018852,4
2019,125018853,4
2019,125018854,4
2019,125018859,4
2019,125018862,5
2019,125018863,4
2019,125018864,4
2019,125018865,4
2019,125018870,5
2019,125018877,4
2019,125018878,4
2019,125018884,4
2019,125018886,5
2019,125018888,5
2019,125018887,5
2019,125018891,5
2019,125018898,4
2019,125018897,4
2019,125018900,5
2019,125018902,4
2019,125018903,5
2019,125018904,5
2019,125018907,4
2019,125018908,5
2019,125018909,4
2019,125018912,5
2019,125018917,4
2019,125018918,5
2019,125018920,5
2019,125018921,4
2019,125018925,5
2019,125018927,5
2019,125018938,5
2019,125018940,5
2019,125018944,4
2019,125018945,4
2019,125018946,4
2019,125018947,5
2019,125018951,5
2019,125018953,5
2019,125018956,5
2019,125018958,5
2019,125018957,5
2019,125018961,4
2019,125018967,5
2019,125018978,4
2019,125018985,4
2019,125018995,4
2019,125018999,5
2019,125019003,5
2019,125019001,5
2019,125019002,5
2019,125019004,4
2019,125019016,5
2019,125019023,4
2019,125019025,4
2019,125019026,4
2019,125019027,5
2019,125019032,4
2019,125019037,5
2019,125019043,4
2019,125019051,4
2019,125019052,5
2019,125019053,4
2019,125019065,4
2019,125019074,4
2019,125019079,4
2019,125019081,4
2019,125019083,5
2019,125019084,5
2019,125019088,4
2019,125019092,4
2019,125019095,4
2019,125019096,4
2019,125019097,5
2019,125019098,5
2019,125019099,5
2019,134456775,4
2019,134456811,5
2019,134456812,5
2019,131322748,4
2019,131328724,5
2019,131328725,5
2019,131322759,4
2019,131328769,4
2019,131322771,4
2019,131322776,4
2019,131328852,4
2019,131322792,4
2019,131322796,1
2019,131322804,5
2019,131322807,5
2019,131322813,5
2019,131322818,5
2019,131322821,2
2019,131322822,5
2019,131322824,4
2019,131322825,5
2019,131322828,5
2019,131322830,5
2019,131322829,5
2019,131322837,5
2019,131322841,4
2019,131322842,4
2019,131322844,5
2019,131322843,4
2019,131329076,5
2019,131322847,5
2019,131322853,4
2019,131322858,4
2019,131322861,6
2019,131322862,5
2019,131322881,4
2019,131322886,5
2019,131322889,4
2019,125019101,4
2019,125019109,4
2019,125019111,4
2019,125019110,4
2019,125019114,4
2019,125019116,5
2019,125019115,5
2019,125019117,5
2019,125019126,3
2019,125019130,4
2019,125019133,4
2019,125019134,4
2019,125019136,4
2019,125019137,4
2019,125019139,4
2019,125019142,4
2019,125019144,4
2019,125019147,5
2019,125019149,4
2019,125019150,5
2019,125019159,5
2019,125019161,4
2019,125019162,4
2019,125019164,4
2019,125019163,4
2019,125019166,5
2019,125019172,3
2019,125019177,5
2019,125019203,4
2019,125019204,5
2019,125019208,5
2019,125019209,4
2019,125019211,4
2019,125019213,5
2019,125019212,5
2019,125019214,5
2019,125019215,4
2019,125019216,4
2019,125019217,5
2019,125019219,5
2019,125019220,4
2019,125019233,5
2019,125019239,5
2019,125019244,4
2019,125019250,4
2019,125019255,5
2019,125019256,4
2019,125019257,5
2019,125019259,4
2019,125019265,5
2019,125019268,4
2019,125019275,5
2019,125019271,5
2019,125019274,5
2019,125019273,5
2019,125019270,5
2019,125019272,5
2019,125019277,4
2019,125019278,4
2019,125019300,4
2019,125019302,4
2019,125019303,4
2019,125019308,4
2019,125019313,4
2019,125019320,5
2019,125019336,5
2019,125019360,5
2019,125019361,5
2019,125019362,4
2019,125019369,5
2019,125019372,5
2019,125019374,4
2019,125019375,4
2019,125019387,5
2019,125019392,5
2019,125019394,5
2019,125019400,5
2019,125019399,5
2019,125019401,5
2019,125019402,5
2019,125019407,5
2019,125019409,5
2019,125019411,4
2019,125019412,5
2019,125019426,5
2019,125019432,4
2019,125019434,4
2019,125019433,4
2019,125019436,5
2019,125019441,5
2019,125019447,5
2019,125019446,5
2019,125019450,5
2019,125019455,2
2019,125019456,4
2019,125019457,4
2019,125019458,4
2019,125019462,6
2019,125019464,5
2019,125019465,5
2019,125019475,4
2019,125019479,5
2019,125019482,5
2019,125019483,4
2019,125019486,5
2019,125019491,4
2019,125019490,4
2019,125019496,5
2019,125019495,4
2019,125019499,4
2019,125019504,4
2019,125019506,4
2019,125019508,4
2019,125019512,4
2019,125019514,5
2019,125019515,5
2019,125019516,5
2019,125019518,5
2019,125019517,5
2019,125019521,5
2019,125019522,5
2019,125019546,5
2019,125019547,5
2019,125019551,5
2019,125019552,5
2019,125019435,4
2019,125019437,4
2019,125019557,4
2019,125019560,4
2019,125019563,4
2019,125019567,4
2019,125019568,5
2019,125019574,5
2019,125019584,4
2019,125019594,4
2019,125019598,5
2019,125019600,4
2019,125019599,5
2019,125019603,4
2019,125019608,5
2019,125019611,1
2019,125019612,5
2019,125019617,4
2019,125019628,4
2019,125019630,5
2019,125019632,4
2019,125019634,4
2019,125019638,4
2019,125019646,4
2019,125019647,5
2019,125019650,5
2019,125019649,4
2019,125019659,4
2019,125019658,4
2019,125019660,5
2019,125019667,5
2019,125019671,4
2019,125019674,4
2019,125019676,4
2019,125019680,5
2019,125019684,5
2019,125019685,5
2019,125019691,4
2019,125019739,4
2019,125019753,5
2019,125019754,5
2019,125019758,5
2019,125019764,4
2019,125019765,5
2019,118161726,4
2019,118161739,4
2019,118161777,5
2019,118161788,4
2019,118161535,5
2019,118161544,1
2019,118161544,6
2019,118161568,5
2019,118161606,5
2019,118161614,5
2019,118161657,4
2019,118155735,5
2019,118155733,5
2019,118161667,5
2019,118161749,4
2019,118161758,5
2019,126817562,4
2019,126817591,5
2019,126817606,5
2019,126817637,5
2019,126817654,4
2019,126817661,4
2019,126817674,4
2019,126817687,5
2019,126817694,5
2019,126817695,5
2019,126817701,5
2019,126817712,5
2019,126817728,5
2019,126817746,5
2019,126821962,5
2019,126817769,4
2019,126821994,4
2019,126817787,5
2019,126817784,5
2019,126817782,6
2019,126817786,5
2019,126817783,5
2019,126817785,5
2019,126817793,4
2019,126817795,4
2019,126817796,5
2019,126817798,4
2019,126817804,4
2019,126822066,5
2019,126817819,6
2019,126817821,6
2019,126817823,4
2019,126817824,5
2019,126817825,5
2019,126817826,5
2019,126817827,4
2019,126822162,4
2019,126817830,4
2019,126817834,4
2019,126817840,4
2019,126817849,4
2019,126817852,4
2019,126817855,4
2019,126817857,4
2019,126817866,5
2019,126817882,5
2019,126817886,5
2019,126817891,5
2019,126817893,5
2019,126817896,6
2019,126817897,4
2019,126817901,5
2019,126827917,4
2019,126827919,4
2019,126827919,3
2019,126827930,3
2019,126827937,5
2019,126827940,4
2019,126827946,4
2019,126827947,5
2019,126827978,4
2019,126828005,5
2019,126828008,5
2019,126828026,4
2019,126828029,5
2019,126828043,5
2019,126828044,5
2019,126828045,5
2019,126828048,4
2019,126828050,4
2019,126828057,4
2019,126828063,4
2019,126828078,4
2019,118161433,4
2019,118161438,4
2019,118161449,5
2019,118161463,5
2019,118161501,5
2019,118161509,4
2019,118158483,5
2019,118161636,5
2019,118161654,5
2019,118161772,4
2019,118161458,5
2019,118161457,5
2019,118155476,3
2019,118155460,4
2019,118155464,5
2019,118155465,5
2019,118155466,5
2019,118161443,5
2019,118155471,4
2019,118155474,5
2019,118155476,2
2019,118155477,5
2019,118155479,5
2019,118155483,5
2019,118155500,5
2019,118155497,5
2019,118155501,5
2019,118155498,5
2019,118155499,5
2019,118155506,4
2019,118155507,4
2019,118155511,5
2019,118155514,3
2019,118161483,5
2019,118155518,4
2019,118155520,4
2019,118155521,4
2019,118155524,4
2019,118158358,5
2019,118158357,5
2019,118155533,5
2019,118155535,5
2019,118155536,5
2019,118155543,4
2019,118155551,5
2019,118155555,4
2019,118155557,5
2019,118155566,4
2019,118158400,4
2019,118155577,5
2019,118155579,5
2019,118155588,5
2019,118155585,5
2019,118161541,4
2019,118161542,4
2019,118155589,5
2019,118161547,5
2019,118161546,5
2019,118155591,4
2019,118155598,5
2019,118155599,4
2019,118155609,4
2019,118155607,4
2019,118155613,4
2019,118155614,4
2019,118155616,4
2019,118155620,5
2019,118155622,5
2019,118155619,5
2019,118155618,4
2019,118155623,4
2019,118155633,5
2019,118155634,5
2019,118161573,5
2019,118155635,5
2019,118155638,4
2019,118161584,5
2019,118155653,5
2019,118155656,4
2019,118155660,5
2019,118155662,4
2019,118155670,5
2019,118155671,4
2019,118155673,4
2019,118158513,4
2019,118158514,5
2019,118158516,4
2019,118158516,3
2019,118158529,1
2019,118158532,4
2019,118158550,5
2019,118158558,4
2019,118158593,5
2019,118158592,5
2019,122692131,5
2019,122685852,5
2019,122689175,5
2019,122692675,4
2019,122689691,5
2019,122689783,5
2019,122689219,5
2019,122692182,5
2019,122685889,1
2019,122685913,4
2019,122689267,4
2019,122692345,5
2019,122692367,5
2019,122689427,5
2019,122692405,4
2019,122692612,5
2019,122692610,5
2019,122696166,5
2019,122689847,5
2019,122696371,5
2019,122692092,5
2019,122692098,4
2019,122692137,4
2019,122692245,4
2019,122692285,4
2019,122689460,4
2019,122692646,5
2019,122689775,4
2019,122692831,5
2019,122689900,2
2019,122692896,5
2019,122692615,4
2019,122689168,6
2019,122692117,6
2019,122689181,4
2019,122692287,4
2019,122689632,4
2019,122696208,4
2019,122696252,4
2019,122689774,5
2019,122692751,4
2019,122689822,4
2019,122692792,4
2019,122689913,5
2019,122689944,4
2019,118155440,5
2019,118155442,4
2019,118155446,5
2019,118155448,5
2019,118155450,4
2019,118155453,4
2019,118155455,5
2019,118155458,4
2019,118155459,5
2019,122685886,5
2019,122692210,5
2019,122692244,4
2019,122692262,5
2019,122692289,5
2019,122692386,4
2019,122686028,5
2019,122686029,5
2019,122696149,5
2019,122696156,5
2019,122696162,5
2019,122689679,5
2019,122689710,4
2019,122696281,5
2019,122696316,4
2019,122692770,5
2019,122689810,4
2019,122689832,5
2019,122696370,5
2019,122689891,4
2019,122689890,4
2019,122696407,5
2019,122696410,5
2019,122696415,5
2019,122689960,5
2019,122696146,4
2019,122696154,6
2019,122692602,5
2019,122692605,4
2019,122692606,4
2019,122692609,5
2019,122692667,4
2019,122692697,4
2019,118161633,4
2019,118161634,4
2019,118161644,5
2019,118161664,4
2019,118155739,4
2019,118161730,5
2019,118161731,5
2019,118161748,5
2019,118161747,5
2019,118161755,4
2019,122689266,4
2019,122689336,4
2019,122685987,4
2019,122686012,4
2019,122689408,4
2019,122686015,5
2019,122689429,5
2019,122689159,4
2019,122696148,5
2019,122692588,5
2019,122692587,5
2019,122692589,5
2019,122689608,5
2019,122696171,5
2019,122696172,5
2019,122696216,5
2019,122689690,4
2019,122696247,5
2019,122692698,4
2019,122696266,5
2019,122696299,5
2019,122696336,5
2019,122692786,5
2019,122689840,5
2019,122692852,4
2019,122689928,4
2019,122696153,4
2019,122689609,5
2019,122689627,5
2019,122689692,4
2019,122689711,5
2019,122689842,4
2019,122692868,4
2019,130242159,4
2019,130242195,3
2019,130242195,2
2019,130242203,4
2019,130242206,4
2019,130242163,4
2019,130247509,4
2019,130242148,4
2019,130242147,4
2019,130242209,4
2019,130242212,5
2019,130242227,4
2019,130242231,4
2019,130242230,4
2019,130242233,5
2019,130242234,5
2019,130242238,5
2019,130242246,4
2019,130242249,4
2019,130242264,5
2019,130242269,5
2019,130242274,4
2019,130242272,5
2019,130242278,5
2019,130242292,5
2019,130242177,4
2019,130242181,5
2019,130242186,4
2019,130249669,5
2019,130242194,4
2019,130242200,5
2019,130249662,4
2019,130242189,2
2019,130242191,5
2019,130242192,5
2019,130242211,4
2019,130242225,4
2019,130242228,4
2019,130242232,5
2019,130242237,4
2019,130242243,5
2019,130242242,5
2019,130242253,6
2019,130242256,4
2019,130242267,5
2019,130242281,8
2019,130242295,5
2019,130242301,6
2019,130247535,4
2019,130247534,4
2019,130242307,5
2019,130242309,4
2019,130242318,5
2019,130242319,3
2019,130242321,4
2019,130242322,4
2019,130242328,4
2019,130242332,4
2019,130242334,5
2019,130242336,5
2019,130242366,5
2019,130242367,4
2019,129263253,5
2019,129263252,4
2019,129263255,4
2019,129263258,4
2019,129263256,4
2019,129263257,4
2019,129263272,4
2019,129263282,4
2019,129263301,4
2019,129263305,5
2019,129263307,4
2019,129263314,4
2019,129263325,4
2019,129263335,5
2019,129263352,5
2019,129263357,5
2019,129263356,4
2019,129263361,4
2019,129263366,5
2019,129263372,4
2019,129263373,4
2019,129263374,5
2019,129263375,5
2019,129263379,5
2019,129263386,5
2019,129263395,4
2019,134457924,5
2019,134462918,4
2019,134456771,4
2019,134456777,6
2019,134456783,4
2019,134456789,5
2019,134456792,1
2019,134456792,6
2019,134456795,4
2019,134462927,5
2019,134456801,4
2019,134456802,4
2019,134456804,5
2019,134456803,5
2019,134456807,4
2019,134456813,4
2019,134456815,5
2019,134456818,5
2019,134456824,2
2019,134456827,4
2019,134456829,5
2019,134456833,5
2019,134462944,5
2019,134456849,4
2019,134456850,5
2019,134462947,5
2019,134456872,5
2019,134456878,8
2019,134456883,3
2019,134456883,8
2019,134456883,1
2019,129263230,5
2019,129258206,5
2019,129263267,6
2019,129263268,4
2019,129263280,4
2019,129256369,4
2019,129263294,5
2019,129263299,4
2019,129263312,5
2019,129263313,5
2019,129263315,5
2019,129263319,4
2019,129263327,4
2019,129263329,4
2019,129263330,4
2019,129263331,4
2019,129263328,4
2019,129263336,5
2019,129263338,5
2019,129263339,4
2019,129263341,5
2019,129263353,4
2019,129263354,4
2019,129263360,4
2019,129263363,5
2019,129263369,4
2019,129263384,4
2019,129263388,4
2019,129263390,4
2019,129263393,5
2019,129263418,5
2019,129263419,4
2019,129263423,5
2019,129263426,4
2019,129263427,4
2019,129263429,4
2019,129263430,4
2019,129263431,4
2019,129263434,4
2019,129263437,4
2019,129258337,4
2019,129263444,5
2019,129263452,4
2019,129263468,5
2019,129263469,5
2019,129263471,5
2019,129263472,4
2019,129263473,5
2019,129263474,4
2019,129263476,5
2019,129263482,5
2019,129263483,5
2019,129263493,4
2019,129263494,4
2019,129263495,4
2019,129263496,4
2019,129263503,4
2019,129263507,5
2019,129263511,5
2019,129263512,4
2019,129263517,5
2019,129263518,4
2019,129263522,4
2019,129263523,4
2019,129263525,4
2019,129263530,4
2019,129263531,5
2019,129263532,4
2019,129263536,5
2019,132938339,6
2019,128260751,4
2019,128260831,5
2019,131322783,5
2019,131322782,5
2019,131322784,5
2019,132938351,4
2019,132938353,5
2019,132938388,6
2019,132938413,4
2019,132938419,4
2019,132933787,5
2019,132938451,4
2019,132933795,5
2019,132938505,5
2019,132933799,5
2019,132933807,5
2019,132938534,6
2019,132938543,4
2019,132933813,4
2019,132933817,4
2019,132938579,4
2019,132938580,5
2019,132938581,4
2019,132933835,5
2019,132933836,5
2019,132933837,4
2019,132933840,5
2019,132933841,4
2019,132933844,5
2019,132933845,5
2019,132933843,4
2019,132933846,5
2019,132933848,5
2019,132933851,4
2019,132933854,4
2019,132938636,4
2019,132938635,5
2019,132933855,5
2019,132933857,3
2019,132938650,5
2019,132933867,5
2019,132933886,4
2019,132933892,5
2019,132933896,5
2019,132933904,5
2019,132933905,5
2019,132938684,5
2019,132933910,4
2019,132933915,4
2019,132933916,5
2019,132933918,4
2019,132933923,4
2019,132933932,5
2019,132933935,5
2019,132933936,4
2019,132933938,4
2019,132933937,4
2019,132933939,5
2019,132933947,5
2019,132933953,5
2019,132933952,5
2019,132933958,4
2019,132933960,4
2019,132933962,5
2019,132933961,5
2019,132933964,5
2019,132933967,4
2019,132933969,5
2019,132933972,4
2019,132933974,5
2019,132933975,5
2019,132933977,4
2019,132933978,4
2019,132933984,4
2019,132933986,5
2019,132933993,4
2019,132934000,5
2019,132934001,5
2019,132934002,5
2019,132938696,5
2019,132934008,4
2019,132934009,5
2019,132934018,4
2019,132938799,4
2019,132934025,5
2019,132934035,5
2019,132934041,4
2019,132934042,6
2019,132934043,5
2019,132934044,4
2019,132934046,5
2019,132934047,2
2019,132934047,8
2019,132934048,5
2019,132934049,5
2019,132934051,4
2019,132934053,4
2019,132934052,4
2019,132934055,4
2019,132934059,5
2019,132934061,5
2019,132934064,5
2019,132934068,6
2019,132934068,2
2019,132934069,5
2019,132934071,5
2019,132934072,4
2019,132934072,8
2019,132934074,5
2019,132934076,4
2019,132934078,5
2019,132934093,5
2019,132934092,5
2019,132934099,4
2019,132934103,4
2019,132934104,4
2019,132934105,5
2019,132934115,4
2019,132934118,5
2019,132934117,5
2019,132934121,5
2019,132934124,4
2019,132934133,5
2019,132934134,4
2019,132934136,4
2019,132934137,5
2019,132934141,5
2019,132934144,4
2019,132934148,5
2019,132934149,4
2019,132934150,3
2019,132934151,5
2019,132934153,5
2019,132934155,5
2019,132934156,4
2019,132934157,5
2019,132934161,4
2019,132934162,5
2019,132934169,4
2019,132934181,5
2019,132934184,5
2019,132934185,5
2019,132934186,5
2019,132934191,6
2019,132934192,4
2019,132934194,4
2019,132934193,5
2019,132934196,4
2019,132934195,4
2019,132934197,5
2019,132934202,5
2019,132934204,4
2019,132934206,4
2019,132934214,5
2019,132934219,5
2019,132934220,5
2019,132934222,5
2019,132934224,5
2019,132934226,5
2019,132934227,4
2019,132934228,4
2019,132934233,5
2019,132934236,5
2019,132934248,5
2019,132934249,5
2019,132934252,5
2019,132934259,5
2019,132934262,4
2019,132934264,5
2019,132934267,4
2019,132934268,4
2019,132934273,5
2019,132934272,5
2019,132934277,5
2019,132934278,5
2019,132934279,5
2019,132934284,5
2019,132934285,4
2019,132934288,5
2019,132934289,6
2019,128260853,5
2019,128260856,5
2019,128260948,5
2019,128260947,5
2019,128260972,4
2019,128260780,5
2019,128260766,5
2019,126812869,5
2019,126812868,5
2019,126817548,5
2019,126817584,4
2019,126828079,5
2019,126828083,4
2019,126828092,5
2019,126828093,4
2019,126828095,4
2019,126828100,4
2019,126828103,4
2019,126828110,5
2019,126828126,5
2019,126828125,5
2019,126828130,5
2019,126828131,5
2019,126828138,5
2019,126828141,5
2019,126828145,4
2019,126828148,4
2019,126828151,4
2019,126828158,5
2019,126828159,4
2019,126828161,5
2019,126828172,4
2019,126828175,5
2019,126828178,4
2019,126828185,4
2019,126828189,4
2019,126828190,4
2019,126828193,4
2019,126828197,5
2019,126828196,5
2019,126828200,5
2019,126828207,5
2019,126828208,5
2019,126828210,4
2019,126828212,5
2019,126828214,4
2019,126828215,5
2019,126828217,4
2019,126828218,4
2019,126828233,5
2019,126828248,5
2019,126828256,4
2019,126828261,5
2019,126828264,4
2019,126828268,5
2019,126828274,4
2019,126828278,3
2019,126828280,6
2019,126828288,5
2019,126828289,5
2019,126828286,5
2019,126828287,5
2019,126828290,5
2019,126828291,5
2019,126828301,5
2019,126828309,4
2019,126828314,5
2019,126828319,5
2019,126828322,4
2019,126828323,4
2019,126828334,4
2019,126828336,5
2019,126828340,5
2019,126828338,5
2019,126828342,4
2019,126828344,4
2019,126828348,4
2019,126828350,5
2019,126828351,4
2019,126828352,4
2019,126828353,5
2019,126828357,4
2019,126828358,4
2019,126828364,5
2019,126828367,5
2019,126828366,4
2019,126828370,5
2019,126828377,4
2019,126828380,5
2019,126828382,4
2019,118161448,4
2019,118161453,4
2019,118161456,4
2019,118161459,4
2019,118161468,4
2019,118161477,4
2019,118161479,4
2019,118161499,5
2019,118161572,4
2019,118155675,5
2019,118155674,5
2019,118155676,4
2019,118155682,5
2019,118155681,5
2019,118161608,4
2019,118155698,4
2019,118155708,4
2019,118161625,5
2019,118155709,5
2019,118155707,5
2019,118155711,4
2019,118155714,4
2019,118158508,5
2019,118158515,4
2019,118161648,4
2019,118161651,5
2019,118155719,5
2019,118161656,4
2019,118155725,5
2019,118155726,5
2019,118155738,5
2019,118155737,4
2019,118155745,4
2019,118161682,8
2019,118155755,5
2019,118155759,5
2019,118155766,5
2019,118161717,5
2019,118155790,5
2019,118155791,5
2019,118155797,5
2019,118155803,4
2019,118155807,5
2019,118155813,5
2019,118155810,5
2019,118155809,5
2019,118155811,5
2019,118155808,5
2019,118155812,5
2019,118161741,4
2019,118155824,5
2019,118155829,4
2019,118155831,5
2019,118155834,4
2019,118155850,5
2019,118155851,5
2019,118161787,5
2019,118161789,5
2019,118155852,5
2019,118161792,3
2019,118158609,4
2019,122689634,4
2019,122689656,4
2019,122696204,4
2019,122696232,4
2019,122692727,4
2019,122692834,5
2019,122692838,4
2019,122689947,4
2019,122696430,5
2019,122689594,5
2019,122696219,5
2019,122692661,4
2019,122692670,4
2019,122696235,5
2019,122689837,4
2019,122696365,5
2019,122689865,5
2019,122696383,5
2019,118158341,5
2019,118161497,4
2019,118155534,5
2019,118161513,5
2019,118161514,5
2019,118161803,5
2019,118161424,4
2019,118155525,5
2019,126817581,4
2019,126822919,5
2019,126817594,4
2019,126817595,5
2019,126817643,5
2019,126817642,4
2019,126817648,4
2019,126817648,2
2019,126817651,5
2019,126817658,4
2019,126817664,4
2019,126817663,4
2019,126817681,4
2019,126817685,4
2019,126817688,5
2019,126817697,4
2019,126817700,4
2019,126817711,5
2019,126817716,5
2019,126817727,5
2019,126817748,4
2019,122685841,4
2019,122689221,5
2019,122689357,5
2019,122689407,5
2019,122692403,5
2019,122689447,4
2019,122689593,4
2019,122689641,4
2019,122689667,5
2019,122692656,5
2019,122696241,5
2019,122689812,4
2019,122689936,4
2019,122692863,4
2019,122689962,4
2019,122685881,5
2019,122689238,5
2019,122692223,5
2019,122689326,5
2019,122689343,4
2019,122692305,5
2019,122692304,5
2019,122689347,5
2019,122692306,5
2019,122692307,5
2019,122692327,5
2019,122692346,4
2019,122686002,4
2019,122689424,5
2019,122686048,5
2019,122692431,4
2019,122692430,4
2019,122692432,4
2019,122686056,4
2019,122689481,5
2019,122696155,5
2019,122689639,5
2019,122692632,5
2019,122689644,4
2019,122689657,4
2019,122689739,5
2019,122689780,5
2019,122689816,5
2019,122696368,4
2019,122689862,4
2019,122692855,4
2019,122696427,5
2019,122689969,4
2019,122692127,5
2019,122692126,5
2019,122685872,5
2019,122685890,5
2019,122689281,4
2019,122689372,5
2019,122689370,4
2019,122685995,4
2019,122686016,5
2019,122689409,5
2019,122692376,5
2019,122685858,4
2019,122689199,3
2019,122689206,4
2019,122692233,4
2019,122685934,4
2019,122692273,4
2019,122692308,4
2019,122692324,4
2019,122686017,6
2019,122692398,4
2019,122692151,4
2019,122692196,5
2019,122685909,4
2019,122689261,4
2019,122689265,5
2019,122689353,4
2019,122692371,5
2019,122692603,1
2019,122689643,4
2019,122689658,5
2019,122689685,4
2019,122692688,4
2019,122689705,4
2019,122692694,4
2019,122689738,5
2019,122692714,5
2019,122692724,5
2019,122696302,5
2019,122696320,5
2019,122692789,5
2019,122696347,4
2019,122692807,4
2019,122689902,5
2019,122689967,4
2019,122696444,5
2019,122690000,5
2019,122689999,5
2019,118161461,4
2019,118161496,4
2019,118161619,5
2019,118161626,1
2019,118161704,5
2019,118161752,4
2019,118155832,5
2019,118161768,5
2019,118161784,5
2019,122692157,5
2019,122692165,4
2019,122692313,4
2019,122689366,5
2019,122692355,5
2019,122692364,4
2019,122689413,5
2019,122689428,4
2019,122689162,5
2019,122692252,5
2019,122689303,5
2019,122692312,5
2019,122685980,5
2019,122692317,5
2019,122685983,5
2019,122686013,5
2019,122689406,4
2019,122689434,4
2019,122689465,4
2019,122692629,4
2019,122689650,4
2019,122692765,5
2019,122689797,5
2019,122689879,5
2019,122692161,5
2019,122685875,5
2019,122692211,5
2019,122692212,5
2019,122692215,5
2019,122689257,5
2019,122689255,6
2019,122696201,4
2019,122685920,4
2019,122689286,4
2019,122692267,5
2019,122692269,4
2019,122685957,5
2019,122685967,5
2019,122692299,5
2019,122692323,5
2019,122685989,4
2019,122692341,5
2019,122689373,5
2019,122692370,5
2019,122689693,4
2019,122689852,5
2019,122689506,4
2019,122696209,5
2019,122696256,5
2019,122692743,4
2019,122689795,5
2019,122689807,4
2019,122692811,5
2019,122696372,4
2019,122696418,4
2019,122692114,5
2019,122689187,5
2019,122689197,4
2019,122689201,4
2019,122689291,5
2019,122692309,6
2019,122692356,5
2019,122685849,4
2019,122689170,4
2019,122689174,4
2019,122692146,4
2019,122692155,5
2019,122689247,4
2019,122685966,4
2019,122689348,4
2019,122689393,5
2019,122689414,4
2019,122692399,5
2019,122689596,4
2019,122689668,5
2019,122696244,5
2019,122696243,4
2019,122689707,4
2019,122689708,5
2019,122689706,4
2019,122692729,4
2019,122689873,6
2019,122692882,5
2019,128260824,5
2019,128260861,5
2019,128260893,4
2019,128260914,5
2019,128260923,4
2019,128260922,4
2019,128260944,4
2019,128260974,6
2019,128261003,4
2019,128261025,4
2019,128261033,5
2019,128261032,4
2019,128261053,4
2019,128261086,4
2019,128261089,4
2019,128261100,4
2019,128261099,5
2019,128261108,4
2019,128261114,5
2019,128261115,4
2019,128261128,5
2019,128261138,4
2019,128261140,4
2019,128261144,5
2019,128261167,4
2019,128261168,5
2019,128261171,4
2019,128261195,5
2019,128261196,5
2019,128261204,5
2019,128261207,5
2019,128261210,5
2019,128261214,4
2019,128261215,6
2019,128261216,5
2019,128261219,5
2019,128261220,4
2019,128261231,5
2019,128261230,5
2019,128261241,5
2019,128261253,5
2019,128261252,4
2019,128261259,5
2019,128261265,4
2019,128261273,5
2019,128261274,4
2019,128261275,5
2019,128261278,5
2019,128261276,5
2019,128261281,3
2019,128261295,3
2019,128261296,5
2019,128261297,4
2019,128261301,5
2019,128261304,4
2019,128261306,5
2019,128261310,5
2019,128261316,2
2019,128261316,6
2019,128261319,5
2019,128261323,4
2019,128261329,5
2019,128261334,4
2019,128261342,5
2019,128261345,4
2019,128261344,4
2019,128261348,4
2019,128261352,4
2019,128261357,5
2019,128261356,5
2019,128261358,5
2019,118158354,4
2019,118158401,4
2019,118158403,5
2019,118158461,4
2019,118158489,4
2019,118155716,4
2019,118158553,5
2019,118161736,5
2019,118158566,5
2019,118158565,5
2019,118158574,4
2019,118158582,5
2019,118158580,5
2019,118158581,5
2019,118158583,5
2019,118158586,5
2019,118158603,4
2019,122692101,5
2019,122692116,5
2019,122689183,5
2019,122685863,4
2019,122689184,4
2019,122692159,5
2019,122685870,5
2019,122685873,5
2019,122692170,5
2019,122692174,5
2019,122692185,4
2019,122689227,4
2019,122689231,5
2019,122689229,4
2019,122689237,4
2019,122692188,4
2019,122689245,5
2019,122685931,5
2019,122689279,4
2019,122689284,5
2019,122689290,5
2019,122689625,4
2019,122689655,3
2019,122696188,6
2019,122696211,4
2019,122689305,3
2019,122689331,5
2019,122689349,5
2019,122692338,4
2019,122686006,4
2019,122692377,5
2019,122692378,4
2019,122686037,4
2019,122689450,4
2019,122689472,5
2019,122692443,5
2019,122696249,5
2019,122689731,4
2019,122696263,4
2019,122696276,4
2019,122692780,4
2019,122692790,4
2019,122689849,4
2019,122692823,5
2019,122692851,5
2019,122689920,5
2019,118158359,5
2019,118158418,4
2019,118158419,4
2019,118158420,5
2019,118158429,5
2019,118155724,4
2019,118158567,4
2019,118158578,4
2019,125014482,4
2019,125002207,4
2019,125002208,6
2019,125002208,3
2019,125002070,4
2019,125002084,5
2019,125002087,5
2019,125014545,5
2019,125002088,5
2019,125002090,4
2019,125002091,5
2019,125002101,4
2019,125006753,5
2019,125006756,4
2019,125002146,5
2019,125002208,2
2019,125006789,5
2019,125002169,4
2019,125002173,5
2019,125002175,5
2019,125002178,4
2019,125002193,4
2019,125002198,4
2019,122689645,5
2019,122696185,5
2019,122689653,4
2019,122692652,4
2019,122689712,5
2019,122696284,5
2019,122692782,5
2019,122689838,4
2019,122689876,4
2019,122689878,4
2019,122696437,5
2019,122692125,5
2019,122689192,4
2019,122689190,5
2019,122685968,5
2019,122685971,5
2019,122685996,5
2019,122686021,4
2019,130249666,4
2019,130249668,4
2019,130249668,8
2019,130242185,4
2019,130249674,5
2019,130249685,5
2019,130249687,5
2019,130249686,5
2019,122692156,4
2019,122692171,4
2019,122689338,3
2019,122689338,4
2019,122689397,5
2019,122686018,5
2019,122692115,4
2019,122685851,4
2019,122689191,5
2019,122689196,2
2019,122689203,5
2019,122689205,5
2019,122692186,4
2019,122692213,5
2019,122689262,5
2019,122689324,4
2019,122685960,5
2019,122689350,5
2019,122692379,4
2019,122696183,4
2019,122696236,4
2019,122692772,5
2019,122689841,5
2019,122689877,4
2019,122692864,4
2019,122692189,4
2019,122685921,5
2019,122692250,1
2019,122685962,5
2019,122692388,5
2019,122689452,5
2019,122689463,4
2019,122689605,5
2019,122689613,5
2019,122692639,5
2019,122692676,5
2019,122692699,5
2019,122696279,4
2019,122692889,5
2019,122689716,4
2019,122692696,5
2019,122689773,4
2019,122692750,5
2019,122689882,4
2019,122692829,4
2019,122689903,4
2019,122689916,5
2019,122689646,5
2019,122692706,4
2019,122692771,4
2019,122689899,5
2019,122692841,4
2019,122692861,4
2019,122689640,4
2019,122689642,4
2019,122689647,4
2019,122692638,4
2019,122689697,5
2019,122689743,5
2019,122692758,5
2019,122689851,4
2019,122689851,8
2019,122692800,5
2019,122696376,4
2019,122689888,4
2019,122692872,5
2019,122692873,5
2019,122692893,4
2019,122689164,4
2019,122689165,5
2019,122685861,4
2019,122685867,4
2019,122689246,4
2019,122685970,5
2019,122689456,3
2019,122689456,6
2019,122689156,5
2019,122689171,4
2019,122692135,4
2019,122696176,4
2019,122689200,5
2019,122685871,4
2019,122692163,4
2019,122685888,5
2019,122692220,5
2019,122685935,5
2019,122689289,5
2019,122689288,5
2019,122689301,5
2019,122689306,4
2019,122685953,5
2019,122689330,5
2019,122685965,4
2019,122689394,4
2019,122689431,4
2019,122692665,4
2019,122692705,5
2019,122696294,4
2019,122696307,5
2019,122692767,4
2019,122692801,5
2019,122692827,4
2019,122696396,4
2019,122689954,5
2019,122692883,5
2019,122689965,5
2019,122689984,4
2019,122692129,5
2019,122692128,5
2019,122685892,5
2019,122689258,5
2019,122685915,5
2019,122689328,5
2019,122692286,5
2019,122692284,5
2019,122689651,5
2019,122689340,4
2019,122692300,5
2019,122692340,5
2019,122689419,4
2019,122692604,4
2019,122692660,4
2019,122689721,5
2019,122692785,4
2019,122696382,5
2019,122692866,5
2019,122689930,4
2019,122689932,5
2019,122696412,6
2019,122689931,5
2019,122692616,4
2019,122692655,5
2019,122692732,5
2019,122689771,4
2019,122692764,5
2019,122692810,5
2019,122696425,5
2019,129258238,4
2019,129263248,4
2019,129258254,4
2019,122692592,5
2019,122692622,4
2019,122692635,4
2019,122689684,4
2019,122689698,4
2019,122689709,5
2019,122689818,4
2019,122692825,5
2019,122692908,5
2019,122692148,5
2019,122685864,5
2019,122685869,4
2019,122692166,5
2019,122686014,4
2019,122689421,5
2019,122686047,4
2019,122692184,4
2019,122692331,5
2019,122692389,5
2019,122686025,5
2019,122689461,4
2019,122689682,5
2019,122696293,4
2019,122696315,5
2019,122692794,5
2019,122696375,4
2019,122696416,5
2019,122689616,4
2019,122696159,4
2019,122696161,5
2019,122696165,5
2019,122689622,4
2019,122692645,4
2019,122696203,4
2019,122692657,4
2019,122696224,4
2019,122692666,4
2019,122692664,4
2019,122696253,4
2019,122689736,5
2019,122696280,4
2019,122689820,5
2019,122696337,5
2019,122689828,4
2019,122689824,4
2019,122692802,5
2019,122689867,5
2019,122696374,5
2019,122696379,4
2019,122696380,5
2019,122696389,5
2019,122692853,4
2019,122689929,5
2019,122692877,5
2019,122689949,5
2019,122692875,5
2019,122689958,4
2019,130247491,4
2019,130242182,5
2019,130242196,5
2019,130242197,1
2019,130242197,4
2019,130242197,2
2019,130242198,5
2019,130242220,4
2019,130242239,5
2019,130242247,5
2019,130242258,4
2019,130242266,4
2019,130242280,4
2019,130242283,4
2019,130242284,5
2019,130242293,5
2019,130242300,5
2019,130242305,5
2019,130242325,5
2019,130242324,5
2019,130242326,5
2019,130242327,5
2019,130242341,5
2019,130242364,5
2019,130242370,4
2019,130242377,5
2019,130242378,5
2019,130242379,5
2019,130242387,5
2019,130242391,5
2019,130242392,4
2019,130242395,5
2019,130247579,5
2019,130242400,5
2019,130242407,4
2019,130242408,5
2019,130242412,5
2019,130242413,5
2019,130242415,4
2019,130242416,4
2019,130242417,5
2019,130242418,5
2019,130242419,4
2019,130242420,4
2019,130242421,4
2019,130242423,5
2019,130242424,5
2019,130242425,4
2019,130242426,5
2019,130242432,5
2019,130242433,5
2019,130242436,4
2019,130242437,5
2019,130242439,5
2019,130242440,5
2019,130242441,4
2019,130242443,4
2019,130242445,5
2019,130242446,5
2019,130242448,5
2019,130242447,5
2019,130242450,5
2019,130242451,5
2019,130242453,5
2019,130242452,5
2019,130242457,4
2019,130242458,4
2019,130242460,5
2019,130242461,4
2019,130242462,5
2019,130242464,5
2019,130242476,5
2019,130242484,5
2019,130242499,5
2019,130242502,5
2019,130242503,5
2019,130242506,5
2019,130242512,5
2019,130242513,5
2019,130242514,4
2019,130242518,4
2019,130242523,5
2019,130242526,4
2019,130242537,5
2019,130242542,4
2019,130242543,4
2019,130242544,5
2019,130242545,5
2019,130242546,5
2019,130242547,4
2019,130242550,5
2019,130242553,5
2019,130242557,5
2019,130242556,5
2019,130242561,5
2019,130242568,4
2019,130242569,5
2019,130242574,5
2019,130242578,5
2019,130242577,5
2019,130242576,5
2019,130242580,5
2019,130242583,4
2019,130242585,4
2019,130242589,4
2019,130242600,4
2019,130242601,5
2019,130242602,5
2019,130242604,5
2019,130242607,5
2019,130242608,5
2019,130242612,5
2019,130242617,4
2019,130242618,5
2019,130242623,4
2019,130242624,4
2019,130242626,5
2019,130242627,5
2019,130242629,5
2019,130242630,4
2019,130242636,4
2019,130242639,4
2019,130242642,4
2019,130242648,5
2019,130242656,5
2019,130242669,5
2019,130242670,4
2019,130242672,4
2019,130242673,4
2019,130242676,4
2019,130242677,5
2019,130242678,4
2019,130242682,3
2019,130242683,5
2019,130242684,4
2019,130242688,4
2019,130242694,5
2019,130242698,4
2019,130242702,5
2019,130242705,5
2019,130242706,4
2019,130242709,4
2019,130242710,5
2019,130242713,4
2019,130242716,4
2019,130242715,4
2019,130242719,4
2019,130242720,5
2019,130242721,5
2019,130242722,4
2019,130242729,5
2019,130242730,5
2019,130242731,5
2019,130242732,4
2019,130242733,5
2019,130242734,3
2019,130242735,4
2019,130242737,3
2019,130242745,4
2019,130242749,5
2019,130242753,5
2019,130242757,4
2019,130242764,5
2019,130242765,4
2019,130242766,4
2019,130242769,4
2019,130242783,4
2019,130242785,5
2019,130242794,5
2019,130242795,5
2019,130242799,2
2019,130242801,4
2019,130242804,5
2019,130242806,4
2019,130242807,4
2019,130242809,3
2019,130242816,4
2019,130242827,5
2019,130242826,4
2019,130242839,5
2019,130242841,5
2019,130242846,4
2019,130242847,5
2019,130242849,5
2019,130242852,2
2019,130242859,4
2019,130242867,4
2019,130242869,5
2019,130242876,5
2019,130242875,5
2019,130242879,5
2019,130242880,4
2019,130242883,4
2019,130242886,4
2019,130242893,4
2019,130242897,4
2019,130252905,4
2019,130252929,4
2019,130252932,4
2019,130252931,4
2019,130252933,5
2019,130252934,4
2019,130252937,5
2019,130252936,5
2019,130252938,5
2019,130252939,4
2019,130252944,4
2019,130252958,5
2019,130252960,4
2019,130252959,4
2019,130252961,5
2019,130252966,4
2019,130252967,5
2019,130252970,5
2019,130252977,4
2019,130252979,5
2019,130252980,5
2019,130252981,4
2019,130252984,4
2019,130252983,5
2019,130252985,4
2019,130252989,4
2019,130252993,5
2019,130252998,5
2019,130253004,5
2019,130253005,4
2019,130253006,4
2019,130253008,5
2019,130253007,5
2019,130253009,5
2019,130253010,5
2019,130253013,4
2019,130253023,5
2019,130253025,4
2019,130253026,5
2019,130253035,5
2019,130253038,4
2019,130253039,5
2019,130253043,5
2019,130253046,4
2019,130253051,4
2019,130253052,5
2019,130253050,4
2019,130253074,4
2019,130253078,5
2019,130253087,4
2019,130253089,5
2019,130253091,4
2019,130253093,5
2019,130253092,5
2019,130253095,4
2019,130253099,5
2019,130253117,5
2019,130253116,5
2019,130253121,5
2019,130253122,5
2019,130253124,4
2019,130253127,5
2019,130253128,5
2019,130253130,4
2019,130253131,4
2019,130253133,4
2019,130253132,5
2019,130253136,5
2019,130253144,4
2019,130253153,4
2019,130253156,1
2019,130253158,5
2019,130253160,4
2019,130253163,5
2019,130253164,5
2019,130253167,4
2019,130253169,5
2019,130253170,5
2019,130253175,1
2019,130253174,1
2019,130253176,5
2019,130253181,5
2019,130253186,5
2019,130253188,4
2019,130253194,5
2019,130253196,5
2019,130253197,5
2019,130253205,4
2019,130253217,4
2019,130253216,5
2019,130253218,5
2019,130253228,4
2019,130253229,3
2019,130253230,4
2019,130253231,4
2019,130253235,5
2019,130253236,4
2019,130253243,5
2019,130253244,2
2019,130253248,4
2019,130253249,4
2019,130253251,4
2019,130253252,5
2019,130253253,5
2019,130253255,8
2019,130253256,5
2019,130253257,5
2019,130253258,4
2019,130253260,5
2019,130253272,4
2019,130253276,5
2019,130253290,4
2019,130253291,3
2019,130253292,4
2019,130253295,5
2019,130253297,4
2019,130253298,4
2019,130253302,5
2019,130253305,4
2019,130253325,5
2019,130253336,5
2019,130253338,4
2019,130253343,3
2019,130253344,5
2019,130253345,2
2019,130253357,5
2019,130253356,5
2019,130253358,5
2019,130253361,5
2019,130253363,4
2019,130253374,5
2019,130253375,5
2019,130253378,5
2019,130253379,4
2019,130253390,5
2019,130253399,4
2019,130253400,4
2019,130253408,4
2019,130253412,4
2019,130253413,5
2019,130253414,5
2019,130253416,4
2019,130253419,5
2019,130253418,5
2019,130253421,3
2019,130253422,4
2019,130253421,2
2019,130253420,3
2019,130253423,4
2019,130253441,4
2019,130253455,4
2019,134457939,4
2019,134457943,4
2019,134457945,5
2019,134456819,4
2019,134457946,5
2019,134456820,5
2019,129256571,2
2019,129256574,5
2019,129256578,5
2019,129256579,5
2019,129256580,4
2019,129256582,3
2019,129256586,5
2019,129256588,4
2019,129256592,5
2019,129256594,5
2019,129256596,4
2019,129256597,4
2019,129256598,5
2019,129256599,4
2019,129256600,4
2019,129256602,4
2019,129256603,5
2019,129256604,4
2019,129256605,5
2019,129256606,5
2019,129256607,5
2019,129256610,5
2019,129256617,5
2019,129256618,4
2019,129256621,4
2019,129256628,5
2019,129256631,4
2019,129256632,4
2019,129256633,5
2019,129256634,5
2019,129256635,5
2019,129256636,4
2019,129256643,7
2019,129256648,5
2019,129256646,4
2019,129256652,4
2019,129256653,4
2019,129256654,4
2019,129256659,5
2019,129256662,4
2019,129256664,4
2019,129256668,4
2019,129256670,4
2019,129256671,4
2019,129256672,4
2019,129256673,4
2019,129256674,5
2019,129256677,4
2019,129256682,3
2019,129256682,6
2019,129256682,7
2019,129256685,5
2019,129256690,5
2019,129256692,5
2019,129256694,5
2019,129256693,5
2019,129256695,4
2019,129256696,4
2019,129256699,5
2019,129256704,4
2019,129256705,5
2019,129256715,4
2019,129256730,5
2019,129256738,4
2019,129256741,5
2019,129256747,5
2019,129256748,4
2019,129256753,5
2019,129256764,5
2019,129256770,4
2019,129256771,5
2019,129256782,4
2019,129256784,4
2019,129256785,4
2019,129256787,5
2019,129256786,5
2019,129256791,5
2019,129256792,5
2019,129256793,4
2019,129256794,4
2019,129256800,4
2019,129256803,4
2019,129256804,4
2019,129256809,5
2019,129256808,4
2019,129256814,4
2019,129256815,4
2019,129256816,4
2019,129256817,5
2019,129256840,5
2019,129256851,5
2019,129256859,5
2019,129256861,4
2019,129256863,5
2019,129256866,4
2019,129256868,5
2019,129256870,4
2019,129256872,4
2019,129256874,4
2019,129256880,5
2019,129256884,4
2019,129256883,4
2019,129256885,4
2019,129256887,5
2019,129256891,4
2019,129256890,4
2019,129256893,4
2019,129256892,4
2019,129256897,4
2019,129256901,5
2019,129256903,5
2019,129256904,4
2019,129256906,5
2019,129256907,4
2019,129256912,4
2019,129256913,4
2019,129256914,5
2019,129256916,4
2019,129256918,5
2019,129256919,5
2019,129256920,5
2019,129256923,5
2019,129256929,4
2019,129256934,4
2019,129256935,5
2019,129256936,5
2019,129256932,5
2019,129256933,5
2019,129256937,4
2019,129256939,4
2019,129256941,5
2019,129256946,4
2019,129256950,5
2019,129256953,5
2019,129256952,5
2019,129256958,5
2019,129256959,4
2019,129256962,5
2019,129256961,5
2019,129256960,4
2019,129256964,4
2019,129256966,5
2019,129256972,5
2019,129256975,5
2019,129256978,4
2019,129256989,4
2019,129256990,4
2019,129257018,4
2019,129257020,4
2019,129257030,4
2019,129257036,5
2019,129257038,5
2019,129257044,5
2019,129257051,5
2019,129257052,5
2019,129257053,5
2019,129257054,5
2019,129257059,5
2019,129257065,5
2019,129257067,5
2019,129257068,5
2019,129257070,4
2019,129257073,5
2019,129257087,5
2019,129257089,5
2019,129257093,4
2019,129257103,5
2019,129257105,4
2019,129257106,5
2019,129257111,5
2019,129257121,5
2019,129257134,5
2019,129257142,5
2019,129257146,5
2019,129257147,5
2019,129257149,5
2019,129257150,5
2019,129257151,5
2019,129257153,5
2019,129257155,4
2019,129257156,5
2019,129257157,5
2019,129257158,4
2019,129257159,4
2019,129257162,5
2019,129257163,4
2019,129257164,4
2019,129257165,4
2019,129257185,4
2019,129257193,5
2019,129257195,5
2019,129257199,4
2019,129257201,4
2019,129257202,5
2019,129257203,4
2019,129257218,4
2019,129257219,5
2019,129257221,4
2019,129257222,5
2019,129257224,4
2019,129257226,4
2019,129257227,5
2019,129257228,5
2019,129257230,5
2019,129257237,5
2019,129257236,5
2019,129257245,5
2019,129257246,4
2019,129257247,5
2019,129257249,4
2019,129257252,5
2019,129257256,3
2019,129257258,4
2019,129257262,4
2019,129257271,5
2019,129257273,6
2019,129257274,4
2019,129257284,5
2019,129257288,5
2019,129257290,4
2019,129257292,4
2019,129257300,5
2019,129257301,5
2019,129257303,5
2019,129257304,4
2019,129257340,5
2019,129257342,5
2019,129257358,4
2019,129257360,5
2019,129257363,4
2019,129257380,5
2019,129257383,5
2019,129256329,4
2019,129256331,4
2019,129258231,4
2019,129256347,4
2019,129256351,4
2019,129256353,4
2019,129256356,5
2019,129256359,5
2019,129256357,5
2019,129256355,5
2019,129256358,5
2019,129256360,5
2019,129256361,4
2019,129256362,5
2019,129256364,4
2019,129256375,8
2019,129256375,6
2019,134462922,2
2019,134456805,5
2019,134456825,6
2019,134456825,4
2019,134456839,5
2019,134456844,5
2019,134456853,4
2019,134456759,4
2019,134457928,5
2019,134456790,5
2019,134456791,5
2019,134457936,5
2019,134456799,4
2019,134456816,4
2019,134456822,4
2019,134456831,5
2019,134456832,5
2019,134456838,4
2019,134456855,4
2019,134456856,5
2019,134456864,4
2019,134456879,5
2019,134456881,5
2019,134456880,5
2019,134456899,5
2019,134456900,7
2019,134456904,4
2019,134456913,5
2019,134456921,4
2019,134456929,5
2019,134456933,5
2019,134456938,4
2019,134456939,4
2019,134456944,4
2019,134462977,5
2019,134462916,5
2019,134456796,4
2019,134456814,4
2019,134456814,1
2019,134462940,3
2019,134456828,5
2019,134456834,4
2019,134456835,4
2019,134456862,5
2019,134462946,4
2019,134456875,5
2019,134456889,5
2019,134456890,5
2019,134456891,5
2019,134456905,5
2019,134456906,3
2019,134456909,5
2019,134456910,5
2019,134462957,5
2019,134456918,5
2019,134462911,5
2019,134456754,5
2019,134457942,5
2019,134456886,5
2019,134456895,4
2019,134456760,4
2019,130249646,4
2019,130247495,5
2019,130242154,4
2019,130249639,4
2019,130249644,4
2019,130249645,2
2019,130249647,4
